≡ƒ¬ä  Initializing models...
≡ƒÅó Generating HF Model output...
Input Embeddings: tensor([[ 0.0081,  0.0186, -0.0236, -0.0403, -0.0156],
        [ 0.0226, -0.0204, -0.0339,  0.0305,  0.0011],
        [ 0.0283, -0.0261, -0.0583, -0.0084, -0.0118],
        [-0.0009,  0.0029,  0.0206,  0.0481, -0.0168],
        [ 0.0065,  0.0796,  0.0713,  0.0386,  0.0376]])
Position Embeddings (cos, sin): tensor([[ 1.0000,  1.0000,  1.0000,  1.0000,  1.0000],
        [ 0.5403,  0.6234,  0.6925,  0.7496,  0.7965],
        [-0.4161, -0.2227, -0.0409,  0.1237,  0.2687],
        [-0.9900, -0.9011, -0.7491, -0.5641, -0.3685],
        [-0.6536, -0.9008, -0.9967, -0.9694, -0.8556]]) tensor([[ 0.0000,  0.0000,  0.0000,  0.0000,  0.0000],
        [ 0.8415,  0.7819,  0.7214,  0.6619,  0.6047],
        [ 0.9093,  0.9749,  0.9992,  0.9923,  0.9632],
        [ 0.1411,  0.4336,  0.6624,  0.8257,  0.9296],
        [-0.7568, -0.4342, -0.0817,  0.2455,  0.5176]])
Processing Layer: 0
After splitting heads:
Key: tensor([[-0.5235,  0.9483,  0.0996, -0.3477, -1.0046],
        [-0.0110,  1.0839, -0.0302, -0.6144, -0.4879],
        [ 2.6463,  1.6515, -0.2756, -2.5120, -1.6232],
        [-0.4607,  1.1653, -0.0045, -0.4411, -0.5294],
        [ 2.3491,  0.8933, -0.2656, -1.5880, -1.6589]])
Query: tensor([[ 1.2550,  0.4332, -0.7627, -0.6434, -0.5325],
        [ 0.7328,  0.2412,  0.2046, -0.4934,  0.2393],
        [ 1.1866,  0.5105,  0.1487, -0.6340, -0.4056],
        [ 0.4425, -0.0847,  0.1430,  0.0466,  0.3713],
        [ 0.7757,  0.5201,  0.3204, -0.4991, -1.0150]])
Value: tensor([[-0.0086, -0.0080,  0.0028,  0.0039,  0.0162],
        [ 0.0060, -0.0010,  0.0002, -0.0041,  0.0037],
        [ 0.0270,  0.0230, -0.0038,  0.0048,  0.0745],
        [-0.0133, -0.0043,  0.0200,  0.0036, -0.0028],
        [-0.0147,  0.0085, -0.0012, -0.0060, -0.0002]])
After applying RoPE:
Key: tensor([[-0.5235,  0.9483,  0.0996, -0.3477, -1.0046],
        [ 0.4673,  0.6532,  0.2995, -0.5924, -0.1314],
        [-1.1023,  0.6347, -1.8176, -0.0116, -1.0347],
        [ 0.5820, -1.1085,  0.5770,  0.2124,  0.9392],
        [-1.9051, -1.1454,  0.4640,  1.4405,  1.0803]])
Query: tensor([[ 1.2550,  0.4332, -0.7627, -0.6434, -0.5325],
        [ 0.6775,  0.2021,  0.4075, -0.0703, -0.2158],
        [-0.3604,  0.1313, -0.5791,  0.2211, -1.0108],
        [-0.4296,  0.2200, -0.0765, -0.1733, -1.0579],
        [-0.6165, -0.5165, -0.2856,  0.5302,  0.4861]])
Key: tensor([[-0.5235,  0.9483,  0.0996, -0.3477, -1.0046],
        [ 0.4673,  0.6532,  0.2995, -0.5924, -0.1314],
        [-1.1023,  0.6347, -1.8176, -0.0116, -1.0347],
        [ 0.5820, -1.1085,  0.5770,  0.2124,  0.9392],
        [-1.9051, -1.1454,  0.4640,  1.4405,  1.0803]])
Query: tensor([[ 1.2550,  0.4332, -0.7627, -0.6434, -0.5325],
        [ 0.6775,  0.2021,  0.4075, -0.0703, -0.2158],
        [-0.3604,  0.1313, -0.5791,  0.2211, -1.0108],
        [-0.4296,  0.2200, -0.0765, -0.1733, -1.0579],
        [-0.6165, -0.5165, -0.2856,  0.5302,  0.4861]])
Value: tensor([[-0.0086, -0.0080,  0.0028,  0.0039,  0.0162],
        [ 0.0060, -0.0010,  0.0002, -0.0041,  0.0037],
        [ 0.0270,  0.0230, -0.0038,  0.0048,  0.0745],
        [-0.0133, -0.0043,  0.0200,  0.0036, -0.0028],
        [-0.0147,  0.0085, -0.0012, -0.0060, -0.0002]])
Torch attention_mask: torch.Size([1, 1, 80, 80])
Attention Weights: tensor([[ 2.3017e-01, -3.4028e+38, -3.4028e+38, -3.4028e+38, -3.4028e+38],
        [ 5.0175e-01,  1.1472e+00, -3.4028e+38, -3.4028e+38, -3.4028e+38],
        [ 1.8923e+00,  2.7061e+00,  1.1600e+00, -3.4028e+38, -3.4028e+38],
        [ 3.6616e-01,  7.9681e-01, -8.8277e-01,  9.5088e-01, -3.4028e+38],
        [ 3.0985e+00,  3.4239e+00,  2.2208e+00,  3.6940e+00,  2.9990e+00]])
Attention Output: tensor([[-8.6463e-03, -8.0210e-03,  2.8149e-03,  3.9486e-03,  1.6212e-02],
        [ 9.3774e-04, -3.4364e-03,  1.1265e-03, -1.2998e-03,  8.0070e-03],
        [ 4.7644e-03,  1.8760e-04,  4.0829e-04, -7.6996e-04,  1.6154e-02],
        [-3.3596e-03, -2.3161e-03,  8.2328e-03,  1.1894e-03,  8.2959e-03],
        [-4.8068e-03,  2.4066e-06,  6.6630e-03,  2.4892e-04,  8.5404e-03]])
Final Attention Output tensor([[ 0.0593,  0.0012, -0.0154, -0.0532,  0.0254],
        [ 0.0691,  0.0017,  0.0140, -0.0539, -0.0006],
        [ 0.0494,  0.0138,  0.0077, -0.0256,  0.0019],
        [ 0.0373, -0.0121, -0.0276,  0.0249,  0.0090],
        [ 0.0576,  0.0309,  0.0179,  0.0131, -0.0077]])
After Self Attention: tensor([[ 0.0593,  0.0012, -0.0154, -0.0532,  0.0254],
        [ 0.0691,  0.0017,  0.0140, -0.0539, -0.0006],
        [ 0.0494,  0.0138,  0.0077, -0.0256,  0.0019],
        [ 0.0373, -0.0121, -0.0276,  0.0249,  0.0090],
        [ 0.0576,  0.0309,  0.0179,  0.0131, -0.0077]])
+ Residual: tensor([[ 0.0081,  0.0186, -0.0236, -0.0403, -0.0156],
        [ 0.0226, -0.0204, -0.0339,  0.0305,  0.0011],
        [ 0.0283, -0.0261, -0.0583, -0.0084, -0.0118],
        [-0.0009,  0.0029,  0.0206,  0.0481, -0.0168],
        [ 0.0065,  0.0796,  0.0713,  0.0386,  0.0376]])
Input to MLP: tensor([[ 0.0848,  0.0252, -0.0492, -0.1186,  0.0124],
        [ 0.1174, -0.0242, -0.0256, -0.0301,  0.0006],
        [ 0.1104, -0.0178, -0.0722, -0.0487, -0.0141],
        [ 0.0477, -0.0122, -0.0092,  0.0962, -0.0103],
        [ 0.1386,  0.2427,  0.1936,  0.1127,  0.0650]])
Output of MLP: tensor([[-1.0943,  0.3850, -0.7473, -0.7178,  1.2891],
        [-0.1084, -0.2666, -0.4580,  0.9805,  0.8080],
        [ 1.1554, -0.3999,  0.2830,  0.1747, -0.4008],
        [ 0.2652, -0.2032, -0.3107,  1.1298,  0.1458],
        [ 3.3224, -1.7574,  0.6701, -0.8459,  1.1039]])
After MLP: tensor([[-1.0943,  0.3850, -0.7473, -0.7178,  1.2891],
        [-0.1084, -0.2666, -0.4580,  0.9805,  0.8080],
        [ 1.1554, -0.3999,  0.2830,  0.1747, -0.4008],
        [ 0.2652, -0.2032, -0.3107,  1.1298,  0.1458],
        [ 3.3224, -1.7574,  0.6701, -0.8459,  1.1039]])
+ Residual: tensor([[ 0.0674,  0.0197, -0.0390, -0.0935,  0.0098],
        [ 0.0917, -0.0187, -0.0199, -0.0233,  0.0005],
        [ 0.0777, -0.0124, -0.0506, -0.0340, -0.0099],
        [ 0.0364, -0.0092, -0.0070,  0.0730, -0.0078],
        [ 0.0641,  0.1105,  0.0891,  0.0517,  0.0299]])
Processing Layer: 1
After splitting heads:
Key: tensor([[ 0.2355, -0.5879,  0.8931,  0.0355, -0.6133],
        [ 0.4828, -2.2848,  1.8378, -2.6485, -0.0635],
        [ 0.8493, -2.1939, -0.0242, -0.8321,  0.6623],
        [ 0.5135, -1.0417,  0.0626, -0.1524, -0.3102],
        [-0.2725, -2.5525, -2.4328,  1.2087,  1.8911]])
Query: tensor([[ 0.4203, -0.2398, -0.4820, -1.0117,  0.5177],
        [ 1.9716,  0.7403, -2.2828, -1.4437,  1.0433],
        [ 0.8221, -0.4985, -0.8791, -1.4976,  0.3116],
        [ 0.0396, -1.0842, -1.2644, -1.0222,  0.2242],
        [ 1.0803, -1.2344, -1.7383, -1.4486,  0.1256]])
Value: tensor([[-0.3020, -0.0109, -0.0280,  0.1131,  0.0319],
        [ 0.0244,  0.0349,  0.1597,  0.0994,  0.4495],
        [-0.0022,  0.4742, -0.4355,  0.2292,  0.3924],
        [ 0.3436,  0.1395,  0.1687,  0.2790,  0.0958],
        [-0.4546,  0.3024,  0.1334, -0.9582,  0.2807]])
After applying RoPE:
Key: tensor([[ 0.2355, -0.5879,  0.8931,  0.0355, -0.6133],
        [-3.4842, -2.5823,  2.6252, -0.6500, -1.0098],
        [-5.1300,  2.9025,  1.6536,  1.8672,  0.2063],
        [-0.9041,  0.9786,  0.1260,  0.9326,  0.6661],
        [ 3.4318,  2.6850,  2.2296, -0.7158, -0.7606]])
Query: tensor([[ 0.4203, -0.2398, -0.4820, -1.0117,  0.5177],
        [ 0.9496, -1.5188, -1.0319, -1.6332,  1.1622],
        [-0.6661, -0.4129,  0.2575,  0.0393,  0.9813],
        [-0.2369,  0.2783,  1.4542,  1.2603,  0.0777],
        [ 0.6048,  1.4618,  1.7912,  1.6737,  0.4727]])
Key: tensor([[ 0.2355, -0.5879,  0.8931,  0.0355, -0.6133],
        [-3.4842, -2.5823,  2.6252, -0.6500, -1.0098],
        [-5.1300,  2.9025,  1.6536,  1.8672,  0.2063],
        [-0.9041,  0.9786,  0.1260,  0.9326,  0.6661],
        [ 3.4318,  2.6850,  2.2296, -0.7158, -0.7606]])
Query: tensor([[ 0.4203, -0.2398, -0.4820, -1.0117,  0.5177],
        [ 0.9496, -1.5188, -1.0319, -1.6332,  1.1622],
        [-0.6661, -0.4129,  0.2575,  0.0393,  0.9813],
        [-0.2369,  0.2783,  1.4542,  1.2603,  0.0777],
        [ 0.6048,  1.4618,  1.7912,  1.6737,  0.4727]])
Value: tensor([[-0.3020, -0.0109, -0.0280,  0.1131,  0.0319],
        [ 0.0244,  0.0349,  0.1597,  0.0994,  0.4495],
        [-0.0022,  0.4742, -0.4355,  0.2292,  0.3924],
        [ 0.3436,  0.1395,  0.1687,  0.2790,  0.0958],
        [-0.4546,  0.3024,  0.1334, -0.9582,  0.2807]])
Torch attention_mask: torch.Size([1, 1, 80, 80])
Attention Weights: tensor([[ 2.3895e-01, -3.4028e+38, -3.4028e+38, -3.4028e+38, -3.4028e+38],
        [ 2.0969e+00,  1.9430e+00, -3.4028e+38, -3.4028e+38, -3.4028e+38],
        [ 1.9498e+00,  2.4410e+00, -1.1597e-02, -3.4028e+38, -3.4028e+38],
        [ 1.9927e+00,  1.8237e+00,  1.7042e+00,  1.3261e+00, -3.4028e+38],
        [ 1.7629e+00,  3.2045e-01,  1.6748e+00,  1.7411e+00, -4.7771e-01]])
Attention Output: tensor([[-0.3020, -0.0109, -0.0280,  0.1131,  0.0319],
        [-0.1513,  0.0103,  0.0586,  0.1068,  0.2247],
        [-0.0946,  0.0407,  0.0619,  0.1110,  0.2961],
        [-0.0343,  0.1434, -0.0427,  0.1648,  0.2429],
        [-0.0032,  0.1854, -0.0648,  0.1599,  0.1919]])
Final Attention Output tensor([[ 0.1476,  0.4027, -0.0211,  0.2791, -0.1200],
        [-0.1961, -0.8549, -0.9292,  0.9824, -0.8590],
        [ 0.0339, -0.1557,  0.5127, -0.0410, -0.1453],
        [-0.3311, -0.1134,  1.0354,  0.6265,  0.6898],
        [-0.5032, -0.7877, -0.2194,  0.4293,  0.1934]])
After Self Attention: tensor([[ 0.1476,  0.4027, -0.0211,  0.2791, -0.1200],
        [-0.1961, -0.8549, -0.9292,  0.9824, -0.8590],
        [ 0.0339, -0.1557,  0.5127, -0.0410, -0.1453],
        [-0.3311, -0.1134,  1.0354,  0.6265,  0.6898],
        [-0.5032, -0.7877, -0.2194,  0.4293,  0.1934]])
+ Residual: tensor([[-1.0269,  0.4047, -0.7862, -0.8113,  1.2988],
        [-0.0167, -0.2853, -0.4779,  0.9571,  0.8085],
        [ 1.2332, -0.4123,  0.2324,  0.1407, -0.4107],
        [ 0.3016, -0.2124, -0.3177,  1.2028,  0.1380],
        [ 3.3865, -1.6470,  0.7593, -0.7942,  1.1339]])
Input to MLP: tensor([[-0.1581,  0.1355, -0.1615, -0.0878,  0.2130],
        [-0.0400, -0.2002, -0.2945,  0.3349, -0.0096],
        [ 0.2097, -0.0877,  0.1372,  0.0151, -0.0925],
        [-0.0058, -0.0599,  0.1574,  0.3308,  0.1639],
        [ 0.3014, -0.2376,  0.0628, -0.0350,  0.1395]])
Output of MLP: tensor([[  6.5502,  -4.7233,  -2.5181, -15.9066,  -1.7305],
        [-10.1259,  -5.2477,  -9.6621,   6.0836,   0.1008],
        [ -0.2709,  -0.6302,  -0.3567,   0.9357,  -0.0757],
        [ -0.1847,  -1.8438,  -0.7561,   1.0447,  -1.2021],
        [  0.2257,   0.1340,  -0.1810,   0.7496,  -0.2247]])
After MLP: tensor([[  6.5502,  -4.7233,  -2.5181, -15.9066,  -1.7305],
        [-10.1259,  -5.2477,  -9.6621,   6.0836,   0.1008],
        [ -0.2709,  -0.6302,  -0.3567,   0.9357,  -0.0757],
        [ -0.1847,  -1.8438,  -0.7561,   1.0447,  -1.2021],
        [  0.2257,   0.1340,  -0.1810,   0.7496,  -0.2247]])
+ Residual: tensor([[-0.8793,  0.8075, -0.8073, -0.5322,  1.1788],
        [-0.2128, -1.1402, -1.4070,  1.9395, -0.0505],
        [ 1.2671, -0.5680,  0.7451,  0.0996, -0.5560],
        [-0.0294, -0.3258,  0.7177,  1.8293,  0.8278],
        [ 2.8833, -2.4347,  0.5399, -0.3649,  1.3273]])
After Norm: tensor([[ 9.9109e-02, -6.8437e-02, -6.3348e-02, -2.7293e-01, -9.7866e-03],
        [-2.6395e-01, -1.6309e-01, -3.0803e-01,  1.9459e-01,  1.3024e-03],
        [ 9.8536e-01, -1.1851e+00,  4.1875e-01,  9.7287e-01, -6.3423e-01],
        [-2.2812e-01, -2.3120e+00, -4.4524e-02,  2.9094e+00, -4.0485e-01],
        [ 2.5043e+00, -1.8532e+00,  3.1506e-01,  2.9439e-01,  9.0153e-01]])
Logits: tensor([[-2.7918, -8.2299, -5.3098, -0.9771, -5.6593]])
Input Embeddings: tensor([[-0.0135, -0.0049, -0.0282,  0.0286, -0.0559]])
Position Embeddings (cos, sin): tensor([[-0.1104, -0.9040, -0.0646,  0.2455, -0.1139]]) tensor([[-0.9939,  0.4275,  0.9979,  0.9694,  0.9935]])
Processing Layer: 0
After splitting heads:
Key: tensor([[ 1.0982,  1.1202,  0.5084, -1.0629, -0.8306]])
Query: tensor([[ 0.8526,  0.4490,  0.5969, -0.6200, -0.6866]])
Value: tensor([[-0.0224,  0.0038, -0.0182,  0.0242,  0.0381]])
After applying RoPE:
Key: tensor([[-0.8235, -0.6749, -0.6164,  0.0204, -0.7212]])
Query: tensor([[-0.5197, -0.2109, -0.4644,  0.0516, -0.9876]])
Key: tensor([[-0.5235,  0.9483,  0.0996, -0.3477, -1.0046],
        [ 0.4673,  0.6532,  0.2995, -0.5924, -0.1314],
        [-1.1023,  0.6347, -1.8176, -0.0116, -1.0347],
        [ 0.5820, -1.1085,  0.5770,  0.2124,  0.9392],
        [-1.9051, -1.1454,  0.4640,  1.4405,  1.0803]])
Query: tensor([[-0.5197, -0.2109, -0.4644,  0.0516, -0.9876]])
Value: tensor([[-0.0086, -0.0080,  0.0028,  0.0039,  0.0162],
        [ 0.0060, -0.0010,  0.0002, -0.0041,  0.0037],
        [ 0.0270,  0.0230, -0.0038,  0.0048,  0.0745],
        [-0.0133, -0.0043,  0.0200,  0.0036, -0.0028],
        [-0.0147,  0.0085, -0.0012, -0.0060, -0.0002]])
Torch attention_mask: torch.Size([1, 1, 1, 81])
Attention Weights: tensor([[ 2.0450,  1.9133, -0.5842,  2.4127, -0.3061]])
Attention Output: tensor([[-5.0564e-03, -2.7695e-03, -1.9497e-04, -3.4147e-05,  3.6506e-03]])
Final Attention Output tensor([[ 0.0205,  0.0223, -0.0072, -0.0202,  0.0126]])
After Self Attention: tensor([[ 0.0205,  0.0223, -0.0072, -0.0202,  0.0126]])
+ Residual: tensor([[-0.0135, -0.0049, -0.0282,  0.0286, -0.0559]])
Input to MLP: tensor([[ 0.0139,  0.0354, -0.0709,  0.0169, -0.0869]])
Output of MLP: tensor([[-0.8465,  0.6531, -0.1410, -1.5887,  0.0986]])
After MLP: tensor([[-0.8465,  0.6531, -0.1410, -1.5887,  0.0986]])
+ Residual: tensor([[ 0.0070,  0.0174, -0.0354,  0.0084, -0.0433]])
Processing Layer: 1
After splitting heads:
Key: tensor([[ 0.0972, -2.1346, -0.7821,  0.3775,  0.9229]])
Query: tensor([[-0.2056, -0.1309, -0.1103, -1.4217, -0.1974]])
Value: tensor([[-0.4967, -0.3538,  0.6999, -0.4301, -0.4740]])
After applying RoPE:
Key: tensor([[4.9255, 2.1269, 1.9368, 2.6004, 1.9393]])
Query: tensor([[ 0.2293,  0.4251, -0.7375,  0.3083,  0.6006]])
Key: tensor([[ 0.2355, -0.5879,  0.8931,  0.0355, -0.6133],
        [-3.4842, -2.5823,  2.6252, -0.6500, -1.0098],
        [-5.1300,  2.9025,  1.6536,  1.8672,  0.2063],
        [-0.9041,  0.9786,  0.1260,  0.9326,  0.6661],
        [ 3.4318,  2.6850,  2.2296, -0.7158, -0.7606]])
Query: tensor([[ 0.2293,  0.4251, -0.7375,  0.3083,  0.6006]])
Value: tensor([[-0.3020, -0.0109, -0.0280,  0.1131,  0.0319],
        [ 0.0244,  0.0349,  0.1597,  0.0994,  0.4495],
        [-0.0022,  0.4742, -0.4355,  0.2292,  0.3924],
        [ 0.3436,  0.1395,  0.1687,  0.2790,  0.0958],
        [-0.4546,  0.3024,  0.1334, -0.9582,  0.2807]])
Torch attention_mask: torch.Size([1, 1, 1, 81])
Attention Weights: tensor([[-1.1830, -4.4152, -5.0352, -3.1477, -6.7810]])
Attention Output: tensor([[ 0.0507,  0.0194, -0.0747,  0.0494, -0.0621]])
Final Attention Output tensor([[-0.2663, -0.4221, -0.6477,  0.3290, -0.0340]])
After Self Attention: tensor([[-0.2663, -0.4221, -0.6477,  0.3290, -0.0340]])
+ Residual: tensor([[-0.8396,  0.6705, -0.1764, -1.5803,  0.0553]])
Input to MLP: tensor([[-0.1654,  0.0347, -0.1371, -0.1718,  0.0032]])
Output of MLP: tensor([[ 0.2896,  0.4430,  0.6804, -0.0235, -1.0483]])
After MLP: tensor([[ 0.2896,  0.4430,  0.6804, -0.0235, -1.0483]])
+ Residual: tensor([[-1.1059,  0.2484, -0.8241, -1.2513,  0.0213]])
After Norm: tensor([[-0.9170,  0.7768, -0.1759, -1.3605, -1.1710]])
Logits: tensor([[ 1.1906,  3.3745, -1.5804, -1.5438, -0.5122]])
Input Embeddings: tensor([[-0.0214,  0.0430, -0.0238, -0.0170,  0.0469]])
Position Embeddings (cos, sin): tensor([[ 0.7767, -0.8978, -0.7647, -0.4577, -0.6915]]) tensor([[-0.6299, -0.4404,  0.6444,  0.8891,  0.7224]])
Processing Layer: 0
After splitting heads:
Key: tensor([[ 1.4151,  0.9459,  0.3105, -1.3679, -0.7506]])
Query: tensor([[ 0.5111,  0.0340, -0.3376, -0.1313, -0.0558]])
Value: tensor([[-0.0140, -0.0063, -0.0274,  0.0123,  0.0188]])
After applying RoPE:
Key: tensor([[ 0.6573, -1.1835, -1.1385,  0.8861, -0.2055]])
Query: tensor([[ 0.1570, -0.2747, -0.0438, -0.0877, -0.5208]])
Key: tensor([[-0.5235,  0.9483,  0.0996, -0.3477, -1.0046],
        [ 0.4673,  0.6532,  0.2995, -0.5924, -0.1314],
        [-1.1023,  0.6347, -1.8176, -0.0116, -1.0347],
        [ 0.5820, -1.1085,  0.5770,  0.2124,  0.9392],
        [-1.9051, -1.1454,  0.4640,  1.4405,  1.0803]])
Query: tensor([[ 0.1570, -0.2747, -0.0438, -0.0877, -0.5208]])
Value: tensor([[-0.0086, -0.0080,  0.0028,  0.0039,  0.0162],
        [ 0.0060, -0.0010,  0.0002, -0.0041,  0.0037],
        [ 0.0270,  0.0230, -0.0038,  0.0048,  0.0745],
        [-0.0133, -0.0043,  0.0200,  0.0036, -0.0028],
        [-0.0147,  0.0085, -0.0012, -0.0060, -0.0002]])
Torch attention_mask: torch.Size([1, 1, 1, 82])
Attention Weights: tensor([[-0.1171,  0.2694, -1.3245,  0.5775, -0.3289]])
Attention Output: tensor([[-0.0058, -0.0039, -0.0018,  0.0009,  0.0044]])
Final Attention Output tensor([[ 0.0101,  0.0143, -0.0036, -0.0291, -0.0007]])
After Self Attention: tensor([[ 0.0101,  0.0143, -0.0036, -0.0291, -0.0007]])
+ Residual: tensor([[-0.0214,  0.0430, -0.0238, -0.0170,  0.0469]])
Input to MLP: tensor([[-0.0184,  0.0955, -0.0452, -0.0762,  0.0761]])
Output of MLP: tensor([[ 0.0602,  0.5585, -0.7563,  1.2499,  0.3912]])
After MLP: tensor([[ 0.0602,  0.5585, -0.7563,  1.2499,  0.3912]])
+ Residual: tensor([[-0.0112,  0.0573, -0.0274, -0.0460,  0.0462]])
Processing Layer: 1
After splitting heads:
Key: tensor([[-2.2142, -0.6526, -0.2511,  1.0971,  1.6899]])
Query: tensor([[ 0.9160, -3.5890,  0.4079, -0.6866, -3.7126]])
Value: tensor([[-0.2547,  0.3581, -0.3165,  0.3901, -0.6338]])
After applying RoPE:
Key: tensor([[1.9410, 0.6658, 1.1935, 0.8130, 0.1703]])
Query: tensor([[ 1.9320,  4.5594, -0.1214,  1.7307,  3.8473]])
Key: tensor([[ 0.2355, -0.5879,  0.8931,  0.0355, -0.6133],
        [-3.4842, -2.5823,  2.6252, -0.6500, -1.0098],
        [-5.1300,  2.9025,  1.6536,  1.8672,  0.2063],
        [-0.9041,  0.9786,  0.1260,  0.9326,  0.6661],
        [ 3.4318,  2.6850,  2.2296, -0.7158, -0.7606]])
Query: tensor([[ 1.9320,  4.5594, -0.1214,  1.7307,  3.8473]])
Value: tensor([[-0.3020, -0.0109, -0.0280,  0.1131,  0.0319],
        [ 0.0244,  0.0349,  0.1597,  0.0994,  0.4495],
        [-0.0022,  0.4742, -0.4355,  0.2292,  0.3924],
        [ 0.3436,  0.1395,  0.1687,  0.2790,  0.0958],
        [-0.4546,  0.3024,  0.1334, -0.9582,  0.2807]])
Torch attention_mask: torch.Size([1, 1, 1, 82])
Attention Weights: tensor([[-2.3917, -7.0439, -4.8413, -4.2255, -5.2362]])
Attention Output: tensor([[-0.2651, -0.1930,  0.3411, -0.2050, -0.1993]])
Final Attention Output tensor([[-0.3760, -0.3831, -0.0686, -1.2665, -0.6407]])
After Self Attention: tensor([[-0.3760, -0.3831, -0.0686, -1.2665, -0.6407]])
+ Residual: tensor([[ 0.0490,  0.6158, -0.7837,  1.2038,  0.4374]])
Input to MLP: tensor([[-0.0657,  0.0436, -0.1906, -0.0116, -0.0411]])
Output of MLP: tensor([[ 0.3082, -0.6039,  0.2470,  2.0167, -1.0697]])
After MLP: tensor([[ 0.3082, -0.6039,  0.2470,  2.0167, -1.0697]])
+ Residual: tensor([[-0.3270,  0.2327, -0.8523, -0.0627, -0.2032]])
After Norm: tensor([[-0.0207, -0.4082, -0.7256,  2.0414, -1.4209]])
Logits: tensor([[2.2573, 6.2295, 5.4031, 3.3228, 2.5724]])
Input Embeddings: tensor([[-0.0413, -0.0062, -0.0104,  0.0625, -0.0481]])
Position Embeddings (cos, sin): tensor([[ 0.9497, -0.2154, -0.9944, -0.9316, -0.9876]]) tensor([[ 0.3132, -0.9765, -0.1054,  0.3635,  0.1572]])
Processing Layer: 0
After splitting heads:
Key: tensor([[ 1.1458,  0.9470,  0.3121, -1.1384, -0.5947]])
Query: tensor([[-0.3929, -0.5146, -0.1304,  0.3530,  0.3094]])
Value: tensor([[ 0.0166,  0.0308, -0.0237, -0.0080,  0.0037]])
After applying RoPE:
Key: tensor([[ 1.2093, -0.5457, -0.1932,  1.1135,  0.5315]])
Query: tensor([[-0.3496, -0.2562,  0.1166, -0.6466, -0.3841]])
Key: tensor([[-0.5235,  0.9483,  0.0996, -0.3477, -1.0046],
        [ 0.4673,  0.6532,  0.2995, -0.5924, -0.1314],
        [-1.1023,  0.6347, -1.8176, -0.0116, -1.0347],
        [ 0.5820, -1.1085,  0.5770,  0.2124,  0.9392],
        [-1.9051, -1.1454,  0.4640,  1.4405,  1.0803]])
Query: tensor([[-0.3496, -0.2562,  0.1166, -0.6466, -0.3841]])
Value: tensor([[-0.0086, -0.0080,  0.0028,  0.0039,  0.0162],
        [ 0.0060, -0.0010,  0.0002, -0.0041,  0.0037],
        [ 0.0270,  0.0230, -0.0038,  0.0048,  0.0745],
        [-0.0133, -0.0043,  0.0200,  0.0036, -0.0028],
        [-0.0147,  0.0085, -0.0012, -0.0060, -0.0002]])
Torch attention_mask: torch.Size([1, 1, 1, 83])
Attention Weights: tensor([[ 0.0953, -0.0319, -1.4208,  0.5330, -0.7479]])
Attention Output: tensor([[-0.0057, -0.0034, -0.0010,  0.0010,  0.0047]])
Final Attention Output tensor([[-0.0035,  0.0009, -0.0032, -0.0133,  0.0058]])
After Self Attention: tensor([[-0.0035,  0.0009, -0.0032, -0.0133,  0.0058]])
+ Residual: tensor([[-0.0413, -0.0062, -0.0104,  0.0625, -0.0481]])
Input to MLP: tensor([[-0.1059, -0.0126, -0.0323,  0.1174, -0.1006]])
Output of MLP: tensor([[ 0.6765, -0.7723,  0.5668, -0.2196,  0.7429]])
After MLP: tensor([[ 0.6765, -0.7723,  0.5668, -0.2196,  0.7429]])
+ Residual: tensor([[-0.0447, -0.0053, -0.0136,  0.0492, -0.0423]])
Processing Layer: 1
After splitting heads:
Key: tensor([[-1.6744, -1.4749,  1.4686,  0.8766,  1.0361]])
Query: tensor([[ 2.6703, -2.1263, -1.3811, -2.0967, -2.4699]])
Value: tensor([[-0.5401,  0.4511,  0.3428, -0.9674,  0.3232]])
After applying RoPE:
Key: tensor([[-3.5857,  0.4533, -1.6768, -0.2126, -0.7656]])
Query: tensor([[2.0874, 3.8428, 1.3481, 2.0415, 2.5910]])
Key: tensor([[ 0.2355, -0.5879,  0.8931,  0.0355, -0.6133],
        [-3.4842, -2.5823,  2.6252, -0.6500, -1.0098],
        [-5.1300,  2.9025,  1.6536,  1.8672,  0.2063],
        [-0.9041,  0.9786,  0.1260,  0.9326,  0.6661],
        [ 3.4318,  2.6850,  2.2296, -0.7158, -0.7606]])
Query: tensor([[2.0874, 3.8428, 1.3481, 2.0415, 2.5910]])
Value: tensor([[-0.3020, -0.0109, -0.0280,  0.1131,  0.0319],
        [ 0.0244,  0.0349,  0.1597,  0.0994,  0.4495],
        [-0.0022,  0.4742, -0.4355,  0.2292,  0.3924],
        [ 0.3436,  0.1395,  0.1687,  0.2790,  0.0958],
        [-0.4546,  0.3024,  0.1334, -0.9582,  0.2807]])
Torch attention_mask: torch.Size([1, 1, 1, 83])
Attention Weights: tensor([[-0.6963, -6.1160, -4.1806, -3.4101, -4.8061]])
Attention Output: tensor([[-0.3652, -0.2538,  0.4809, -0.2933, -0.3177]])
Final Attention Output tensor([[-0.2853, -0.2818, -0.0293, -0.5520, -0.4677]])
After Self Attention: tensor([[-0.2853, -0.2818, -0.0293, -0.5520, -0.4677]])
+ Residual: tensor([[ 0.6318, -0.7775,  0.5532, -0.1704,  0.7006]])
Input to MLP: tensor([[ 0.0630, -0.1798,  0.1060, -0.1206,  0.0426]])
Output of MLP: tensor([[-0.5279,  0.5230, -0.1155, -1.6718,  0.7581]])
After MLP: tensor([[-0.5279,  0.5230, -0.1155, -1.6718,  0.7581]])
+ Residual: tensor([[ 0.3465, -1.0593,  0.5238, -0.7224,  0.2330]])
After Norm: tensor([[-0.1797, -0.5311,  0.4407, -2.2524,  0.9961]])
Logits: tensor([[ 0.2987,  1.7177,  3.3309, -4.4444, -1.2469]])
Input Embeddings: tensor([[ 0.0598, -0.0334,  0.0124,  0.0018,  0.0239]])
Position Embeddings (cos, sin): tensor([[ 0.2495,  0.6292, -0.6126, -0.9389, -0.8816]]) tensor([[ 0.9684, -0.7772, -0.7904, -0.3442, -0.4720]])
Processing Layer: 0
After splitting heads:
Key: tensor([[ 1.7922,  0.8062, -0.0427, -1.1843, -1.2403]])
Query: tensor([[-0.0632,  0.0806,  0.2026, -0.3566, -0.6816]])
Value: tensor([[ 0.0119, -0.0006, -0.0215, -0.0062, -0.0101]])
After applying RoPE:
Key: tensor([[0.8223, 0.1807, 1.5996, 1.1223, 1.4560]])
Query: tensor([[ 0.0473,  0.0167, -0.0345,  0.2831,  0.7629]])
Key: tensor([[-0.5235,  0.9483,  0.0996, -0.3477, -1.0046],
        [ 0.4673,  0.6532,  0.2995, -0.5924, -0.1314],
        [-1.1023,  0.6347, -1.8176, -0.0116, -1.0347],
        [ 0.5820, -1.1085,  0.5770,  0.2124,  0.9392],
        [-1.9051, -1.1454,  0.4640,  1.4405,  1.0803]])
Query: tensor([[ 0.0473,  0.0167, -0.0345,  0.2831,  0.7629]])
Value: tensor([[-0.0086, -0.0080,  0.0028,  0.0039,  0.0162],
        [ 0.0060, -0.0010,  0.0002, -0.0041,  0.0037],
        [ 0.0270,  0.0230, -0.0038,  0.0048,  0.0745],
        [-0.0133, -0.0043,  0.0200,  0.0036, -0.0028],
        [-0.0147,  0.0085, -0.0012, -0.0060, -0.0002]])
Torch attention_mask: torch.Size([1, 1, 1, 84])
Attention Weights: tensor([[ 0.8360,  1.2534, -0.4072,  1.8525, -0.0229]])
Attention Output: tensor([[-0.0052, -0.0031, -0.0013,  0.0005,  0.0039]])
Final Attention Output tensor([[-0.0022,  0.0174, -0.0028,  0.0071,  0.0086]])
After Self Attention: tensor([[-0.0022,  0.0174, -0.0028,  0.0071,  0.0086]])
+ Residual: tensor([[ 0.0598, -0.0334,  0.0124,  0.0018,  0.0239]])
Input to MLP: tensor([[ 0.1383, -0.0391,  0.0231,  0.0214,  0.0785]])
Output of MLP: tensor([[-0.6340, -0.2209, -0.7631, -0.3023, -0.9645]])
After MLP: tensor([[-0.6340, -0.2209, -0.7631, -0.3023, -0.9645]])
+ Residual: tensor([[ 0.0576, -0.0160,  0.0096,  0.0088,  0.0326]])
Processing Layer: 1
After splitting heads:
Key: tensor([[-1.2842, -2.8949, -1.2529,  0.9110,  1.8242]])
Query: tensor([[ 0.6740, -1.0994, -2.4446, -1.3877, -0.8477]])
Value: tensor([[ 0.2409,  0.7494,  0.4588, -0.1063,  0.1204]])
After applying RoPE:
Key: tensor([[-4.2038, -1.6922, -1.7717, -1.5291, -2.6207]])
Query: tensor([[-1.8638, -0.3313,  1.8246,  0.8504,  0.4134]])
Key: tensor([[ 0.2355, -0.5879,  0.8931,  0.0355, -0.6133],
        [-3.4842, -2.5823,  2.6252, -0.6500, -1.0098],
        [-5.1300,  2.9025,  1.6536,  1.8672,  0.2063],
        [-0.9041,  0.9786,  0.1260,  0.9326,  0.6661],
        [ 3.4318,  2.6850,  2.2296, -0.7158, -0.7606]])
Query: tensor([[-1.8638, -0.3313,  1.8246,  0.8504,  0.4134]])
Value: tensor([[-0.3020, -0.0109, -0.0280,  0.1131,  0.0319],
        [ 0.0244,  0.0349,  0.1597,  0.0994,  0.4495],
        [-0.0022,  0.4742, -0.4355,  0.2292,  0.3924],
        [ 0.3436,  0.1395,  0.1687,  0.2790,  0.0958],
        [-0.4546,  0.3024,  0.1334, -0.9582,  0.2807]])
Torch attention_mask: torch.Size([1, 1, 1, 84])
Attention Weights: tensor([[-1.4252, -6.2950, -7.0637, -3.9669, -5.8767]])
Attention Output: tensor([[-0.1799,  0.0411,  0.1236, -0.1724, -0.0123]])
Final Attention Output tensor([[-0.2132,  0.0215, -0.4408, -0.1404,  0.0249]])
After Self Attention: tensor([[-0.2132,  0.0215, -0.4408, -0.1404,  0.0249]])
+ Residual: tensor([[-0.5764, -0.2369, -0.7535, -0.2934, -0.9320]])
Input to MLP: tensor([[-0.0910, -0.0232, -0.1531, -0.0459, -0.1050]])
Output of MLP: tensor([[ 0.6150, -0.1358,  0.1151,  0.5039, -0.3920]])
After MLP: tensor([[ 0.6150, -0.1358,  0.1151,  0.5039, -0.3920]])
+ Residual: tensor([[-0.7896, -0.2154, -1.1943, -0.4338, -0.9070]])
After Norm: tensor([[-0.1510, -0.3037, -1.0174,  0.0576, -1.1404]])
Logits: tensor([[-0.4665,  3.0798, -0.0325, -1.9867,  0.2217]])
Input Embeddings: tensor([[-0.0101, -0.0047,  0.0383, -0.0737,  0.0002]])
Position Embeddings (cos, sin): tensor([[-0.6800,  1.0000,  0.1459, -0.4759, -0.4168]]) tensor([[ 0.7332,  0.0075, -0.9893, -0.8795, -0.9090]])
Processing Layer: 0
After splitting heads:
Key: tensor([[ 0.8541,  0.9541,  0.3041, -1.0519, -0.5273]])
Query: tensor([[-0.1025, -0.1208, -0.2295, -0.0097, -0.0464]])
Value: tensor([[-0.0004, -0.0148, -0.0021, -0.0369,  0.0127]])
After applying RoPE:
Key: tensor([[-0.1472,  0.9573,  1.0195,  0.0238,  0.9228]])
Query: tensor([[ 0.1299, -0.1180,  0.1875,  0.3005,  0.4008]])
Key: tensor([[-0.5235,  0.9483,  0.0996, -0.3477, -1.0046],
        [ 0.4673,  0.6532,  0.2995, -0.5924, -0.1314],
        [-1.1023,  0.6347, -1.8176, -0.0116, -1.0347],
        [ 0.5820, -1.1085,  0.5770,  0.2124,  0.9392],
        [-1.9051, -1.1454,  0.4640,  1.4405,  1.0803]])
Query: tensor([[ 0.1299, -0.1180,  0.1875,  0.3005,  0.4008]])
Value: tensor([[-0.0086, -0.0080,  0.0028,  0.0039,  0.0162],
        [ 0.0060, -0.0010,  0.0002, -0.0041,  0.0037],
        [ 0.0270,  0.0230, -0.0038,  0.0048,  0.0745],
        [-0.0133, -0.0043,  0.0200,  0.0036, -0.0028],
        [-0.0147,  0.0085, -0.0012, -0.0060, -0.0002]])
Torch attention_mask: torch.Size([1, 1, 1, 85])
Attention Weights: tensor([[-1.1084, -0.0706, -1.4298,  0.3011, -0.4074]])
Attention Output: tensor([[-0.0030, -0.0032, -0.0047, -0.0018,  0.0034]])
Final Attention Output tensor([[ 0.0015,  0.0042,  0.0005,  0.0071, -0.0181]])
After Self Attention: tensor([[ 0.0015,  0.0042,  0.0005,  0.0071, -0.0181]])
+ Residual: tensor([[-0.0101, -0.0047,  0.0383, -0.0737,  0.0002]])
Input to MLP: tensor([[-0.0209, -0.0012,  0.0939, -0.1616, -0.0433]])
Output of MLP: tensor([[ 0.9463, -0.3681,  0.3434,  3.1507,  1.4113]])
After MLP: tensor([[ 0.9463, -0.3681,  0.3434,  3.1507,  1.4113]])
+ Residual: tensor([[-0.0087, -0.0005,  0.0389, -0.0666, -0.0179]])
Processing Layer: 1
After splitting heads:
Key: tensor([[-2.1480, -1.6595, -1.0895,  1.2000,  2.4947]])
Query: tensor([[ 1.2924, -3.9491, -1.2446, -0.3962, -2.7408]])
Value: tensor([[ 0.4229,  0.2667,  0.3014, -0.9080, -0.6811]])
After applying RoPE:
Key: tensor([[-3.3589, -1.6637, -2.8549, -2.4074, -2.4381]])
Query: tensor([[-3.3182, -3.9638, -1.1214, -1.3469, -1.4322]])
Key: tensor([[ 0.2355, -0.5879,  0.8931,  0.0355, -0.6133],
        [-3.4842, -2.5823,  2.6252, -0.6500, -1.0098],
        [-5.1300,  2.9025,  1.6536,  1.8672,  0.2063],
        [-0.9041,  0.9786,  0.1260,  0.9326,  0.6661],
        [ 3.4318,  2.6850,  2.2296, -0.7158, -0.7606]])
Query: tensor([[-3.3182, -3.9638, -1.1214, -1.3469, -1.4322]])
Value: tensor([[-0.3020, -0.0109, -0.0280,  0.1131,  0.0319],
        [ 0.0244,  0.0349,  0.1597,  0.0994,  0.4495],
        [-0.0022,  0.4742, -0.4355,  0.2292,  0.3924],
        [ 0.3436,  0.1395,  0.1687,  0.2790,  0.0958],
        [-0.4546,  0.3024,  0.1334, -0.9582,  0.2807]])
Torch attention_mask: torch.Size([1, 1, 1, 85])
Attention Weights: tensor([[-1.2581, -3.0877, -6.0293, -3.6041, -5.9606]])
Attention Output: tensor([[ 0.0697,  0.3446,  0.2308, -0.1002,  0.0725]])
Final Attention Output tensor([[-0.3750,  0.3127,  0.0721, -0.8545, -0.2184]])
After Self Attention: tensor([[-0.3750,  0.3127,  0.0721, -0.8545, -0.2184]])
+ Residual: tensor([[ 0.9377, -0.3686,  0.3823,  3.0840,  1.3933]])
Input to MLP: tensor([[ 0.0925, -0.0086,  0.0832,  0.3366,  0.1943]])
Output of MLP: tensor([[ 1.2530, -0.9230, -0.5551,  1.2965, -1.0369]])
After MLP: tensor([[ 1.2530, -0.9230, -0.5551,  1.2965, -1.0369]])
+ Residual: tensor([[ 0.5626, -0.0559,  0.4544,  2.2295,  1.1750]])
After Norm: tensor([[ 1.7208, -0.9277, -0.1040,  3.1748,  0.1328]])
Logits: tensor([[ 0.1056, -0.2427,  2.5274, -2.7673, -0.9299]])
Input Embeddings: tensor([[-0.0199,  0.0125,  0.0199,  0.0029,  0.0664]])
Position Embeddings (cos, sin): tensor([[-0.9844,  0.6176,  0.8148,  0.2254,  0.2177]]) tensor([[-0.1761,  0.7865, -0.5798, -0.9743, -0.9760]])
Processing Layer: 0
After splitting heads:
Key: tensor([[ 1.4749,  1.0787,  0.3657, -1.3074, -0.6982]])
Query: tensor([[ 0.4574, -0.0512, -0.0448, -0.3154,  0.0567]])
Value: tensor([[-0.0117, -0.0137, -0.0093,  0.0271,  0.0018]])
After applying RoPE:
Key: tensor([[-1.5420,  1.1526,  1.0476, -0.6332,  0.8302]])
Query: tensor([[-0.4579,  0.0462,  0.1586, -0.1782,  0.3507]])
Key: tensor([[-0.5235,  0.9483,  0.0996, -0.3477, -1.0046],
        [ 0.4673,  0.6532,  0.2995, -0.5924, -0.1314],
        [-1.1023,  0.6347, -1.8176, -0.0116, -1.0347],
        [ 0.5820, -1.1085,  0.5770,  0.2124,  0.9392],
        [-1.9051, -1.1454,  0.4640,  1.4405,  1.0803]])
Query: tensor([[-0.4579,  0.0462,  0.1586, -0.1782,  0.3507]])
Value: tensor([[-0.0086, -0.0080,  0.0028,  0.0039,  0.0162],
        [ 0.0060, -0.0010,  0.0002, -0.0041,  0.0037],
        [ 0.0270,  0.0230, -0.0038,  0.0048,  0.0745],
        [-0.0133, -0.0043,  0.0200,  0.0036, -0.0028],
        [-0.0147,  0.0085, -0.0012, -0.0060, -0.0002]])
Torch attention_mask: torch.Size([1, 1, 1, 86])
Attention Weights: tensor([[ 0.0329,  0.5358, -0.9646,  1.0358, -0.3379]])
Attention Output: tensor([[-4.9914e-03, -3.7942e-03, -2.4625e-03,  6.1284e-05,  4.1707e-03]])
Final Attention Output tensor([[ 0.0194, -0.0062, -0.0066, -0.0033, -0.0213]])
After Self Attention: tensor([[ 0.0194, -0.0062, -0.0066, -0.0033, -0.0213]])
+ Residual: tensor([[-0.0199,  0.0125,  0.0199,  0.0029,  0.0664]])
Input to MLP: tensor([[-0.0011,  0.0135,  0.0283, -0.0010,  0.0960]])
Output of MLP: tensor([[ 0.1423,  0.4193, -0.2069,  0.1474,  0.5236]])
After MLP: tensor([[ 0.1423,  0.4193, -0.2069,  0.1474,  0.5236]])
+ Residual: tensor([[-0.0005,  0.0062,  0.0133, -0.0005,  0.0451]])
Processing Layer: 1
After splitting heads:
Key: tensor([[-3.2154, -0.5017,  0.3236,  1.5392,  2.1349]])
Query: tensor([[ 4.4807, -3.8392, -1.8822, -1.2776, -4.9567]])
Value: tensor([[ 0.0362, -0.2690, -0.2023, -0.4705, -0.6213]])
After applying RoPE:
Key: tensor([[ 4.3053, -0.3105, -0.6088, -0.6330, -1.3002]])
Query: tensor([[-4.1931, -5.8341, -1.6611, -1.3333, -2.8408]])
Key: tensor([[ 0.2355, -0.5879,  0.8931,  0.0355, -0.6133],
        [-3.4842, -2.5823,  2.6252, -0.6500, -1.0098],
        [-5.1300,  2.9025,  1.6536,  1.8672,  0.2063],
        [-0.9041,  0.9786,  0.1260,  0.9326,  0.6661],
        [ 3.4318,  2.6850,  2.2296, -0.7158, -0.7606]])
Query: tensor([[-4.1931, -5.8341, -1.6611, -1.3333, -2.8408]])
Value: tensor([[-0.3020, -0.0109, -0.0280,  0.1131,  0.0319],
        [ 0.0244,  0.0349,  0.1597,  0.0994,  0.4495],
        [-0.0022,  0.4742, -0.4355,  0.2292,  0.3924],
        [ 0.3436,  0.1395,  0.1687,  0.2790,  0.0958],
        [-0.4546,  0.3024,  0.1334, -0.9582,  0.2807]])
Torch attention_mask: torch.Size([1, 1, 1, 86])
Attention Weights: tensor([[-2.1911, -3.4280, -6.6268, -4.1970, -6.9516]])
Attention Output: tensor([[ 0.1436,  0.3753,  0.2694, -0.2034, -0.0239]])
Final Attention Output tensor([[-0.6990, -0.0068,  0.4220, -0.5670,  0.3666]])
After Self Attention: tensor([[-0.6990, -0.0068,  0.4220, -0.5670,  0.3666]])
+ Residual: tensor([[ 0.1418,  0.4256, -0.1937,  0.1469,  0.5686]])
Input to MLP: tensor([[-0.1094,  0.0767,  0.0499, -0.0757,  0.1846]])
Output of MLP: tensor([[-1.1454, -0.7649,  1.4325,  0.3840, -2.6072]])
After MLP: tensor([[-1.1454, -0.7649,  1.4325,  0.3840, -2.6072]])
+ Residual: tensor([[-0.5573,  0.4187,  0.2283, -0.4200,  0.9352]])
After Norm: tensor([[-1.7446, -0.3547,  1.8549, -0.0351, -1.7388]])
Logits: tensor([[5.1077, 7.7858, 6.8056, 3.2612, 7.6530]])
Input Embeddings: tensor([[-0.0139, -0.0269, -0.0029,  0.0283, -0.0239]])
Position Embeddings (cos, sin): tensor([[-0.3837, -0.2300,  0.9825,  0.8139,  0.7636]]) tensor([[-0.9235,  0.9732,  0.1863, -0.5810, -0.6457]])
Processing Layer: 0
After splitting heads:
Key: tensor([[ 1.3251,  1.2866,  0.3100, -1.4974, -0.7135]])
Query: tensor([[ 0.6505,  0.0746,  0.1241, -0.3188,  0.3802]])
Value: tensor([[ 0.0277,  0.0452, -0.0193,  0.0023, -0.0198]])
After applying RoPE:
Key: tensor([[-0.9815,  0.1902,  0.1026, -1.4910, -0.1302]])
Query: tensor([[-0.6940,  0.1131,  0.0492, -0.4224,  0.7074]])
Key: tensor([[-0.5235,  0.9483,  0.0996, -0.3477, -1.0046],
        [ 0.4673,  0.6532,  0.2995, -0.5924, -0.1314],
        [-1.1023,  0.6347, -1.8176, -0.0116, -1.0347],
        [ 0.5820, -1.1085,  0.5770,  0.2124,  0.9392],
        [-1.9051, -1.1454,  0.4640,  1.4405,  1.0803]])
Query: tensor([[-0.6940,  0.1131,  0.0492, -0.4224,  0.7074]])
Value: tensor([[-0.0086, -0.0080,  0.0028,  0.0039,  0.0162],
        [ 0.0060, -0.0010,  0.0002, -0.0041,  0.0037],
        [ 0.0270,  0.0230, -0.0038,  0.0048,  0.0745],
        [-0.0133, -0.0043,  0.0200,  0.0036, -0.0028],
        [-0.0147,  0.0085, -0.0012, -0.0060, -0.0002]])
Torch attention_mask: torch.Size([1, 1, 1, 87])
Attention Weights: tensor([[-0.7680, -0.3045, -2.3950,  0.4082, -1.1690]])
Attention Output: tensor([[-0.0048, -0.0028, -0.0012,  0.0002,  0.0040]])
Final Attention Output tensor([[ 0.0107,  0.0029, -0.0280, -0.0084, -0.0214]])
After Self Attention: tensor([[ 0.0107,  0.0029, -0.0280, -0.0084, -0.0214]])
+ Residual: tensor([[-0.0139, -0.0269, -0.0029,  0.0283, -0.0239]])
Input to MLP: tensor([[-0.0060, -0.0455, -0.0580,  0.0377, -0.0853]])
Output of MLP: tensor([[ 1.0423,  0.2716,  0.2232, -1.0368, -1.0894]])
After MLP: tensor([[ 1.0423,  0.2716,  0.2232, -1.0368, -1.0894]])
+ Residual: tensor([[-0.0032, -0.0239, -0.0308,  0.0199, -0.0454]])
Processing Layer: 1
After splitting heads:
Key: tensor([[-2.6938, -2.7437,  2.3393, -0.5554,  0.7213]])
Query: tensor([[ 4.3204, -1.3335, -3.1041, -1.1613, -2.4029]])
Value: tensor([[-0.3392,  0.1564,  0.1953, -0.4001, -0.1062]])
After applying RoPE:
Key: tensor([[ 7.8551, -1.7153,  2.7453, -1.4178, -1.0258]])
Query: tensor([[-0.2016, -3.2077, -2.9343, -0.7775, -2.5208]])
Key: tensor([[ 0.2355, -0.5879,  0.8931,  0.0355, -0.6133],
        [-3.4842, -2.5823,  2.6252, -0.6500, -1.0098],
        [-5.1300,  2.9025,  1.6536,  1.8672,  0.2063],
        [-0.9041,  0.9786,  0.1260,  0.9326,  0.6661],
        [ 3.4318,  2.6850,  2.2296, -0.7158, -0.7606]])
Query: tensor([[-0.2016, -3.2077, -2.9343, -0.7775, -2.5208]])
Value: tensor([[-0.3020, -0.0109, -0.0280,  0.1131,  0.0319],
        [ 0.0244,  0.0349,  0.1597,  0.0994,  0.4495],
        [-0.0022,  0.4742, -0.4355,  0.2292,  0.3924],
        [ 0.3436,  0.1395,  0.1687,  0.2790,  0.0958],
        [-0.4546,  0.3024,  0.1334, -0.9582,  0.2807]])
Torch attention_mask: torch.Size([1, 1, 1, 87])
Attention Weights: tensor([[-1.4965, -5.4346, -7.2165, -3.8838, -5.2572]])
Attention Output: tensor([[ 0.0939,  0.0531,  0.1128, -0.3263, -0.2217]])
Final Attention Output tensor([[-0.2440, -0.5635, -0.1943, -0.2212,  0.4740]])
After Self Attention: tensor([[-0.2440, -0.5635, -0.1943, -0.2212,  0.4740]])
+ Residual: tensor([[ 1.0391,  0.2477,  0.1924, -1.0169, -1.1347]])
Input to MLP: tensor([[ 0.1674, -0.0621, -0.0005, -0.2393, -0.1398]])
Output of MLP: tensor([[ 0.4020,  0.0185,  0.9038, -0.5316,  0.3800]])
After MLP: tensor([[ 0.4020,  0.0185,  0.9038, -0.5316,  0.3800]])
+ Residual: tensor([[ 0.7951, -0.3158, -0.0020, -1.2381, -0.6608]])
After Norm: tensor([[ 1.4977, -0.3719,  1.2298, -2.1033, -0.3565]])
Logits: tensor([[ 1.6175,  3.1795,  0.0345, -1.8291, -4.0759]])
Input Embeddings: tensor([[-0.0339,  0.0396, -0.0176, -0.0294,  0.0236]])
Position Embeddings (cos, sin): tensor([[ 0.5698, -0.9043,  0.5460,  0.9947,  0.9986]]) tensor([[-0.8218,  0.4269,  0.8378,  0.1032, -0.0525]])
Processing Layer: 0
After splitting heads:
Key: tensor([[ 1.3799,  1.0317, -0.1886, -1.2054, -0.8507]])
Query: tensor([[ 0.3948,  0.3128, -0.0537, -0.3163, -0.2902]])
Value: tensor([[-0.0065, -0.0053,  0.0263,  0.0482, -0.0238]])
After applying RoPE:
Key: tensor([[ 0.9514, -0.5901, -1.1253, -1.1300, -0.7905]])
Query: tensor([[ 0.2796, -0.4239, -0.2132, -0.2762, -0.2854]])
Key: tensor([[-0.5235,  0.9483,  0.0996, -0.3477, -1.0046],
        [ 0.4673,  0.6532,  0.2995, -0.5924, -0.1314],
        [-1.1023,  0.6347, -1.8176, -0.0116, -1.0347],
        [ 0.5820, -1.1085,  0.5770,  0.2124,  0.9392],
        [-1.9051, -1.1454,  0.4640,  1.4405,  1.0803]])
Query: tensor([[ 0.2796, -0.4239, -0.2132, -0.2762, -0.2854]])
Value: tensor([[-0.0086, -0.0080,  0.0028,  0.0039,  0.0162],
        [ 0.0060, -0.0010,  0.0002, -0.0041,  0.0037],
        [ 0.0270,  0.0230, -0.0038,  0.0048,  0.0745],
        [-0.0133, -0.0043,  0.0200,  0.0036, -0.0028],
        [-0.0147,  0.0085, -0.0012, -0.0060, -0.0002]])
Torch attention_mask: torch.Size([1, 1, 1, 88])
Attention Weights: tensor([[-0.1719,  0.5338, -0.7707,  0.8726, -0.3937]])
Attention Output: tensor([[-0.0037, -0.0024, -0.0023,  0.0014,  0.0023]])
Final Attention Output tensor([[ 0.0247,  0.0115,  0.0029, -0.0050, -0.0032]])
After Self Attention: tensor([[ 0.0247,  0.0115,  0.0029, -0.0050, -0.0032]])
+ Residual: tensor([[-0.0339,  0.0396, -0.0176, -0.0294,  0.0236]])
Input to MLP: tensor([[-0.0239,  0.1345, -0.0383, -0.0901,  0.0530]])
Output of MLP: tensor([[-0.5147,  1.2636, -0.2591,  1.6666, -0.4224]])
After MLP: tensor([[-0.5147,  1.2636, -0.2591,  1.6666, -0.4224]])
+ Residual: tensor([[-0.0092,  0.0511, -0.0147, -0.0345,  0.0204]])
Processing Layer: 1
After splitting heads:
Key: tensor([[-1.7999, -2.2971, -0.0738,  0.7483,  0.6855]])
Query: tensor([[ 1.4125, -1.1296, -1.5927, -1.6580, -2.2755]])
Value: tensor([[ 0.4367, -0.7347,  0.3019, -0.6518,  0.6750]])
After applying RoPE:
Key: tensor([[3.8755, 1.7489, 1.7845, 0.9594, 0.5551]])
Query: tensor([[ 1.9602,  0.4907, -0.9179, -1.5749, -2.2995]])
Key: tensor([[ 0.2355, -0.5879,  0.8931,  0.0355, -0.6133],
        [-3.4842, -2.5823,  2.6252, -0.6500, -1.0098],
        [-5.1300,  2.9025,  1.6536,  1.8672,  0.2063],
        [-0.9041,  0.9786,  0.1260,  0.9326,  0.6661],
        [ 3.4318,  2.6850,  2.2296, -0.7158, -0.7606]])
Query: tensor([[ 1.9602,  0.4907, -0.9179, -1.5749, -2.2995]])
Value: tensor([[-0.3020, -0.0109, -0.0280,  0.1131,  0.0319],
        [ 0.0244,  0.0349,  0.1597,  0.0994,  0.4495],
        [-0.0022,  0.4742, -0.4355,  0.2292,  0.3924],
        [ 0.3436,  0.1395,  0.1687,  0.2790,  0.0958],
        [-0.4546,  0.3024,  0.1334, -0.9582,  0.2807]])
Torch attention_mask: torch.Size([1, 1, 1, 88])
Attention Weights: tensor([[-1.0019, -5.8521, -6.2483, -3.9393, -4.9583]])
Attention Output: tensor([[-0.0521, -0.0127,  0.0842, -0.2093, -0.1325]])
Final Attention Output tensor([[-0.2647, -0.8474, -0.2239,  0.5096,  0.2505]])
After Self Attention: tensor([[-0.2647, -0.8474, -0.2239,  0.5096,  0.2505]])
+ Residual: tensor([[-0.5239,  1.3147, -0.2738,  1.6321, -0.4020]])
Input to MLP: tensor([[-0.1019,  0.0564, -0.0716,  0.2541, -0.0197]])
Output of MLP: tensor([[ 0.2308, -0.1913,  0.4793,  0.6687, -0.2434]])
After MLP: tensor([[ 0.2308, -0.1913,  0.4793,  0.6687, -0.2434]])
+ Residual: tensor([[-0.7886,  0.4673, -0.4977,  2.1418, -0.1515]])
After Norm: tensor([[-0.5397,  0.2670, -0.0194,  2.5835, -0.3878]])
Logits: tensor([[ 1.4984,  2.1568, -1.9399, -4.1971, -5.7191]])
Input Embeddings: tensor([[-0.0172, -0.0781,  0.0012, -0.0535, -0.0496]])
Position Embeddings (cos, sin): tensor([[ 0.9994, -0.8975, -0.2263,  0.6773,  0.8271]]) tensor([[ 0.0354, -0.4409,  0.9741,  0.7357,  0.5620]])
Processing Layer: 0
After splitting heads:
Key: tensor([[ 1.6706,  1.1360,  0.4520, -0.8864, -0.8400]])
Query: tensor([[-0.0482, -0.1032, -0.0364,  0.1536, -0.1529]])
Value: tensor([[ 0.0105,  0.0146,  0.0211,  0.0174, -0.0250]])
After applying RoPE:
Key: tensor([[ 1.6985, -1.3199, -1.3850, -0.5404, -1.2258]])
Query: tensor([[-0.0526,  0.1128,  0.0497,  0.0508, -0.3708]])
Key: tensor([[-0.5235,  0.9483,  0.0996, -0.3477, -1.0046],
        [ 0.4673,  0.6532,  0.2995, -0.5924, -0.1314],
        [-1.1023,  0.6347, -1.8176, -0.0116, -1.0347],
        [ 0.5820, -1.1085,  0.5770,  0.2124,  0.9392],
        [-1.9051, -1.1454,  0.4640,  1.4405,  1.0803]])
Query: tensor([[-0.0526,  0.1128,  0.0497,  0.0508, -0.3708]])
Value: tensor([[-0.0086, -0.0080,  0.0028,  0.0039,  0.0162],
        [ 0.0060, -0.0010,  0.0002, -0.0041,  0.0037],
        [ 0.0270,  0.0230, -0.0038,  0.0048,  0.0745],
        [-0.0133, -0.0043,  0.0200,  0.0036, -0.0028],
        [-0.0147,  0.0085, -0.0012, -0.0060, -0.0002]])
Torch attention_mask: torch.Size([1, 1, 1, 89])
Attention Weights: tensor([[ 0.9688,  1.4189, -0.4827,  1.9943, -0.1091]])
Attention Output: tensor([[-0.0047, -0.0019,  0.0009,  0.0020,  0.0017]])
Final Attention Output tensor([[ 0.0233, -0.0120, -0.0096, -0.0292,  0.0032]])
After Self Attention: tensor([[ 0.0233, -0.0120, -0.0096, -0.0292,  0.0032]])
+ Residual: tensor([[-0.0172, -0.0781,  0.0012, -0.0535, -0.0496]])
Input to MLP: tensor([[ 0.0143, -0.2148, -0.0198, -0.1954, -0.1092]])
Output of MLP: tensor([[ 1.4500, -0.0964, -2.9232, -1.0845, -0.9059]])
After MLP: tensor([[ 1.4500, -0.0964, -2.9232, -1.0845, -0.9059]])
+ Residual: tensor([[ 0.0061, -0.0902, -0.0084, -0.0826, -0.0464]])
Processing Layer: 1
After splitting heads:
Key: tensor([[-0.8729, -2.4938, -2.3637,  1.1438,  0.2929]])
Query: tensor([[ 0.5350, -2.1310, -0.6762, -1.1387,  0.3842]])
Value: tensor([[ 0.1457, -0.5337,  0.0553, -0.3603,  0.0360]])
After applying RoPE:
Key: tensor([[-1.0934,  2.3422,  3.5483,  2.6612,  1.3624]])
Query: tensor([[ 0.4614,  2.3678,  0.3583, -0.3523,  1.0479]])
Key: tensor([[ 0.2355, -0.5879,  0.8931,  0.0355, -0.6133],
        [-3.4842, -2.5823,  2.6252, -0.6500, -1.0098],
        [-5.1300,  2.9025,  1.6536,  1.8672,  0.2063],
        [-0.9041,  0.9786,  0.1260,  0.9326,  0.6661],
        [ 3.4318,  2.6850,  2.2296, -0.7158, -0.7606]])
Query: tensor([[ 0.4614,  2.3678,  0.3583, -0.3523,  1.0479]])
Value: tensor([[-0.3020, -0.0109, -0.0280,  0.1131,  0.0319],
        [ 0.0244,  0.0349,  0.1597,  0.0994,  0.4495],
        [-0.0022,  0.4742, -0.4355,  0.2292,  0.3924],
        [ 0.3436,  0.1395,  0.1687,  0.2790,  0.0958],
        [-0.4546,  0.3024,  0.1334, -0.9582,  0.2807]])
Torch attention_mask: torch.Size([1, 1, 1, 89])
Attention Weights: tensor([[ 0.0113, -3.8600, -3.7257, -2.2244, -2.5026]])
Attention Output: tensor([[-0.0035, -0.1342,  0.0782, -0.1374,  0.0764]])
Final Attention Output tensor([[-0.0489, -0.2213, -0.6293,  0.6642,  0.2766]])
After Self Attention: tensor([[-0.0489, -0.2213, -0.6293,  0.6642,  0.2766]])
+ Residual: tensor([[ 1.4561, -0.1866, -2.9317, -1.1671, -0.9523]])
Input to MLP: tensor([[ 0.1380, -0.0373, -0.3885, -0.0453, -0.0666]])
Output of MLP: tensor([[ 0.5282, -1.0015, -0.9050,  0.7218, -0.1078]])
After MLP: tensor([[ 0.5282, -1.0015, -0.9050,  0.7218, -0.1078]])
+ Residual: tensor([[ 1.4072, -0.4079, -3.5609, -0.5029, -0.6756]])
After Norm: tensor([[ 1.4542, -1.0590, -3.6577,  0.1562, -0.5975]])
Logits: tensor([[ 2.2693,  3.9233,  1.8786, -3.9817, -4.2590]])
Input Embeddings: tensor([[-0.0312, -0.0036, -0.0066,  0.0222, -0.0096]])
Position Embeddings (cos, sin): tensor([[ 0.5102, -0.2148, -0.8594,  0.0206,  0.3189]]) tensor([[ 0.8601, -0.9767,  0.5113,  0.9998,  0.9478]])
Processing Layer: 0
After splitting heads:
Key: tensor([[ 1.3462,  1.0855,  0.2853, -1.2390, -0.7799]])
Query: tensor([[ 0.1428,  0.0358, -0.1131, -0.3087, -0.3087]])
Value: tensor([[ 0.0296,  0.0082, -0.0258,  0.0030, -0.0278]])
After applying RoPE:
Key: tensor([[ 1.4931, -0.5173, -0.8748,  0.0933, -0.7429]])
Query: tensor([[ 0.3506, -0.1896,  0.0441, -0.0126, -0.6790]])
Key: tensor([[-0.5235,  0.9483,  0.0996, -0.3477, -1.0046],
        [ 0.4673,  0.6532,  0.2995, -0.5924, -0.1314],
        [-1.1023,  0.6347, -1.8176, -0.0116, -1.0347],
        [ 0.5820, -1.1085,  0.5770,  0.2124,  0.9392],
        [-1.9051, -1.1454,  0.4640,  1.4405,  1.0803]])
Query: tensor([[ 0.3506, -0.1896,  0.0441, -0.0126, -0.6790]])
Value: tensor([[-0.0086, -0.0080,  0.0028,  0.0039,  0.0162],
        [ 0.0060, -0.0010,  0.0002, -0.0041,  0.0037],
        [ 0.0270,  0.0230, -0.0038,  0.0048,  0.0745],
        [-0.0133, -0.0043,  0.0200,  0.0036, -0.0028],
        [-0.0147,  0.0085, -0.0012, -0.0060, -0.0002]])
Torch attention_mask: torch.Size([1, 1, 1, 90])
Attention Weights: tensor([[ 0.5108,  0.9467, -0.8252,  1.5030, -0.4638]])
Attention Output: tensor([[-0.0032, -0.0014,  0.0003,  0.0024,  0.0002]])
Final Attention Output tensor([[ 0.0067, -0.0011, -0.0202, -0.0232,  0.0108]])
After Self Attention: tensor([[ 0.0067, -0.0011, -0.0202, -0.0232,  0.0108]])
+ Residual: tensor([[-0.0312, -0.0036, -0.0066,  0.0222, -0.0096]])
Input to MLP: tensor([[-0.0604, -0.0118, -0.0663, -0.0023,  0.0029]])
Output of MLP: tensor([[ 1.8501, -0.1007, -1.2070,  0.0872, -2.4134]])
After MLP: tensor([[ 1.8501, -0.1007, -1.2070,  0.0872, -2.4134]])
+ Residual: tensor([[-0.0245, -0.0047, -0.0268, -0.0009,  0.0012]])
Processing Layer: 1
After splitting heads:
Key: tensor([[-0.8322, -3.0863, -1.8231,  0.3929,  1.0269]])
Query: tensor([[ 0.5955, -1.3896, -1.6855, -1.6795,  0.8951]])
Value: tensor([[ 0.1127,  0.0168,  0.0975, -0.4352, -0.3023]])
After applying RoPE:
Key: tensor([[-4.0153,  1.1235,  2.9551,  2.5637,  0.6196]])
Query: tensor([[-1.9668,  1.3635,  1.6836,  1.0756,  0.7571]])
Key: tensor([[ 0.2355, -0.5879,  0.8931,  0.0355, -0.6133],
        [-3.4842, -2.5823,  2.6252, -0.6500, -1.0098],
        [-5.1300,  2.9025,  1.6536,  1.8672,  0.2063],
        [-0.9041,  0.9786,  0.1260,  0.9326,  0.6661],
        [ 3.4318,  2.6850,  2.2296, -0.7158, -0.7606]])
Query: tensor([[-1.9668,  1.3635,  1.6836,  1.0756,  0.7571]])
Value: tensor([[-0.3020, -0.0109, -0.0280,  0.1131,  0.0319],
        [ 0.0244,  0.0349,  0.1597,  0.0994,  0.4495],
        [-0.0022,  0.4742, -0.4355,  0.2292,  0.3924],
        [ 0.3436,  0.1395,  0.1687,  0.2790,  0.0958],
        [-0.4546,  0.3024,  0.1334, -0.9582,  0.2807]])
Torch attention_mask: torch.Size([1, 1, 1, 90])
Attention Weights: tensor([[-0.4430, -3.7608, -4.3898, -2.5527, -5.5185]])
Attention Output: tensor([[ 0.0415, -0.2673,  0.0442, -0.1892,  0.0458]])
Final Attention Output tensor([[ 0.0535,  0.6650, -0.1273,  0.5121, -0.0924]])
After Self Attention: tensor([[ 0.0535,  0.6650, -0.1273,  0.5121, -0.0924]])
+ Residual: tensor([[ 1.8256, -0.1054, -1.2338,  0.0862, -2.4122]])
Input to MLP: tensor([[ 0.1991,  0.0553, -0.1605,  0.0582, -0.2667]])
Output of MLP: tensor([[-0.1514, -0.5216,  0.4095,  1.0328,  0.2013]])
After MLP: tensor([[-0.1514, -0.5216,  0.4095,  1.0328,  0.2013]])
+ Residual: tensor([[ 1.8791,  0.5596, -1.3611,  0.5984, -2.5046]])
After Norm: tensor([[ 1.3915,  0.0306, -0.8355,  1.2482, -1.8831]])
Logits: tensor([[ 1.0362,  3.0643, -0.7706, -3.6202,  1.1072]])
Input Embeddings: tensor([[ 0.0918, -0.1172, -0.0193, -0.0613, -0.1060]])
Position Embeddings (cos, sin): tensor([[-0.4481,  0.6297, -0.9640, -0.6463, -0.3191]]) tensor([[ 0.8940, -0.7768, -0.2659,  0.7631,  0.9477]])
Processing Layer: 0
After splitting heads:
Key: tensor([[ 1.3391,  1.0130,  0.3550, -1.0625, -0.7774]])
Query: tensor([[ 0.5714,  0.2226, -0.3190, -0.0281, -0.2156]])
Value: tensor([[-0.0071,  0.0002,  0.0130, -0.0014,  0.0034]])
After applying RoPE:
Key: tensor([[ 0.0550,  0.1667,  0.0103,  0.9871, -0.9504]])
Query: tensor([[-0.1510, -0.0391,  0.4714,  0.0822, -0.3793]])
Key: tensor([[-0.5235,  0.9483,  0.0996, -0.3477, -1.0046],
        [ 0.4673,  0.6532,  0.2995, -0.5924, -0.1314],
        [-1.1023,  0.6347, -1.8176, -0.0116, -1.0347],
        [ 0.5820, -1.1085,  0.5770,  0.2124,  0.9392],
        [-1.9051, -1.1454,  0.4640,  1.4405,  1.0803]])
Query: tensor([[-0.1510, -0.0391,  0.4714,  0.0822, -0.3793]])
Value: tensor([[-0.0086, -0.0080,  0.0028,  0.0039,  0.0162],
        [ 0.0060, -0.0010,  0.0002, -0.0041,  0.0037],
        [ 0.0270,  0.0230, -0.0038,  0.0048,  0.0745],
        [-0.0133, -0.0043,  0.0200,  0.0036, -0.0028],
        [-0.0147,  0.0085, -0.0012, -0.0060, -0.0002]])
Torch attention_mask: torch.Size([1, 1, 1, 91])
Attention Weights: tensor([[-0.0975,  0.2256, -1.1781,  0.7754, -0.3015]])
Attention Output: tensor([[-2.4746e-03, -1.3240e-03, -6.9574e-04,  1.7586e-03,  8.9852e-05]])
Final Attention Output tensor([[ 0.0159,  0.0019,  0.0040, -0.0046, -0.0054]])
After Self Attention: tensor([[ 0.0159,  0.0019,  0.0040, -0.0046, -0.0054]])
+ Residual: tensor([[ 0.0918, -0.1172, -0.0193, -0.0613, -0.1060]])
Input to MLP: tensor([[ 0.2244, -0.2442, -0.0320, -0.1383, -0.2330]])
Output of MLP: tensor([[ 0.8704,  0.2716, -0.4938,  1.4599,  0.2534]])
After MLP: tensor([[ 0.8704,  0.2716, -0.4938,  1.4599,  0.2534]])
+ Residual: tensor([[ 0.1077, -0.1153, -0.0153, -0.0659, -0.1113]])
Processing Layer: 1
After splitting heads:
Key: tensor([[-2.7950, -2.3708, -0.4693,  0.6514,  1.8827]])
Query: tensor([[ 2.3181, -3.4827, -1.5544, -0.9191, -2.7356]])
Value: tensor([[ 0.3741, -0.4248,  0.0578,  0.8360, -0.4103]])
After applying RoPE:
Key: tensor([[-4.6731, -1.6044, -0.1184,  0.9070,  1.2271]])
Query: tensor([[-3.5279,  0.0835,  1.3435,  1.7425,  2.4817]])
Key: tensor([[ 0.2355, -0.5879,  0.8931,  0.0355, -0.6133],
        [-3.4842, -2.5823,  2.6252, -0.6500, -1.0098],
        [-5.1300,  2.9025,  1.6536,  1.8672,  0.2063],
        [-0.9041,  0.9786,  0.1260,  0.9326,  0.6661],
        [ 3.4318,  2.6850,  2.2296, -0.7158, -0.7606]])
Query: tensor([[-3.5279,  0.0835,  1.3435,  1.7425,  2.4817]])
Value: tensor([[-0.3020, -0.0109, -0.0280,  0.1131,  0.0319],
        [ 0.0244,  0.0349,  0.1597,  0.0994,  0.4495],
        [-0.0022,  0.4742, -0.4355,  0.2292,  0.3924],
        [ 0.3436,  0.1395,  0.1687,  0.2790,  0.0958],
        [-0.4546,  0.3024,  0.1334, -0.9582,  0.2807]])
Torch attention_mask: torch.Size([1, 1, 1, 91])
Attention Weights: tensor([[-0.7924, -4.3438, -4.4217, -2.8465, -4.6895]])
Attention Output: tensor([[ 0.0013, -0.0673,  0.0502, -0.1586, -0.0729]])
Final Attention Output tensor([[-0.1118,  0.1171,  0.1455,  0.2098,  0.2089]])
After Self Attention: tensor([[-0.1118,  0.1171,  0.1455,  0.2098,  0.2089]])
+ Residual: tensor([[ 0.9780,  0.1563, -0.5091,  1.3940,  0.1420]])
Input to MLP: tensor([[ 0.1331,  0.0392, -0.0622,  0.2262,  0.0542]])
Output of MLP: tensor([[0.8172, 0.1464, 0.1217, 0.6793, 0.6138]])
After MLP: tensor([[0.8172, 0.1464, 0.1217, 0.6793, 0.6138]])
+ Residual: tensor([[ 0.8662,  0.2734, -0.3637,  1.6038,  0.3509]])
After Norm: tensor([[ 1.7348,  0.4326, -0.2718,  2.2351,  1.0090]])
Logits: tensor([[ 1.8192,  0.5948,  4.9175, -5.5915, -0.3816]])
Input Embeddings: tensor([[ 0.0718,  0.0090,  0.0076, -0.0322, -0.0432]])
Position Embeddings (cos, sin): tensor([[-0.9944,  1.0000, -0.4758, -0.9896, -0.8272]]) tensor([[ 0.1060,  0.0081, -0.8796,  0.1441,  0.5618]])
Processing Layer: 0
After splitting heads:
Key: tensor([[ 1.5777,  0.8296,  0.4050, -0.5557, -0.6684]])
Query: tensor([[ 0.3405,  0.0028, -0.2639, -0.1363, -0.4699]])
Value: tensor([[-0.0209, -0.0148, -0.0191,  0.0316,  0.0136]])
After applying RoPE:
Key: tensor([[-1.4712,  0.8378,  0.9216,  0.5637, -0.2063]])
Query: tensor([[-0.3298,  0.0058,  0.6905,  0.1559,  0.0331]])
Key: tensor([[-0.5235,  0.9483,  0.0996, -0.3477, -1.0046],
        [ 0.4673,  0.6532,  0.2995, -0.5924, -0.1314],
        [-1.1023,  0.6347, -1.8176, -0.0116, -1.0347],
        [ 0.5820, -1.1085,  0.5770,  0.2124,  0.9392],
        [-1.9051, -1.1454,  0.4640,  1.4405,  1.0803]])
Query: tensor([[-0.3298,  0.0058,  0.6905,  0.1559,  0.0331]])
Value: tensor([[-0.0086, -0.0080,  0.0028,  0.0039,  0.0162],
        [ 0.0060, -0.0010,  0.0002, -0.0041,  0.0037],
        [ 0.0270,  0.0230, -0.0038,  0.0048,  0.0745],
        [-0.0133, -0.0043,  0.0200,  0.0036, -0.0028],
        [-0.0147,  0.0085, -0.0012, -0.0060, -0.0002]])
Torch attention_mask: torch.Size([1, 1, 1, 92])
Attention Weights: tensor([[-0.0505,  0.6517, -1.0803,  1.0668, -0.2351]])
Attention Output: tensor([[-0.0029, -0.0019, -0.0018,  0.0023,  0.0005]])
Final Attention Output tensor([[ 0.0174,  0.0083, -0.0069, -0.0098,  0.0033]])
After Self Attention: tensor([[ 0.0174,  0.0083, -0.0069, -0.0098,  0.0033]])
+ Residual: tensor([[ 0.0718,  0.0090,  0.0076, -0.0322, -0.0432]])
Input to MLP: tensor([[ 0.2191,  0.0430,  0.0018, -0.1041, -0.0984]])
Output of MLP: tensor([[-0.6500,  1.3139, -0.8891, -0.0210,  0.5861]])
After MLP: tensor([[-0.6500,  1.3139, -0.8891, -0.0210,  0.5861]])
+ Residual: tensor([[ 0.0892,  0.0172,  0.0007, -0.0420, -0.0399]])
Processing Layer: 1
After splitting heads:
Key: tensor([[-2.0243, -1.6932, -2.5522,  1.3892,  1.8175]])
Query: tensor([[ 1.5169, -3.0409, -1.4055, -0.9326, -2.1998]])
Value: tensor([[ 0.4891,  0.2231,  0.3348, -0.2385,  0.7148]])
After applying RoPE:
Key: tensor([[ 1.2816, -1.6926, -1.6153, -1.0456, -0.3839]])
Query: tensor([[-1.8167, -3.0664,  0.8367,  1.0734,  2.5635]])
Key: tensor([[ 0.2355, -0.5879,  0.8931,  0.0355, -0.6133],
        [-3.4842, -2.5823,  2.6252, -0.6500, -1.0098],
        [-5.1300,  2.9025,  1.6536,  1.8672,  0.2063],
        [-0.9041,  0.9786,  0.1260,  0.9326,  0.6661],
        [ 3.4318,  2.6850,  2.2296, -0.7158, -0.7606]])
Query: tensor([[-1.8167, -3.0664,  0.8367,  1.0734,  2.5635]])
Value: tensor([[-0.3020, -0.0109, -0.0280,  0.1131,  0.0319],
        [ 0.0244,  0.0349,  0.1597,  0.0994,  0.4495],
        [-0.0022,  0.4742, -0.4355,  0.2292,  0.3924],
        [ 0.3436,  0.1395,  0.1687,  0.2790,  0.0958],
        [-0.4546,  0.3024,  0.1334, -0.9582,  0.2807]])
Torch attention_mask: torch.Size([1, 1, 1, 92])
Attention Weights: tensor([[-1.6864, -6.6195, -6.9211, -3.6285, -6.1968]])
Attention Output: tensor([[ 0.1074, -0.0508,  0.0812, -0.1191, -0.1198]])
Final Attention Output tensor([[-0.8609,  0.1292,  0.2174,  0.0161,  0.4203]])
After Self Attention: tensor([[-0.8609,  0.1292,  0.2174,  0.0161,  0.4203]])
+ Residual: tensor([[-0.5608,  1.3312, -0.8884, -0.0630,  0.5463]])
Input to MLP: tensor([[-0.2022,  0.1938, -0.1062, -0.0061,  0.1381]])
Output of MLP: tensor([[ 2.1955, -0.2885, -1.0101, -0.1772, -0.1869]])
After MLP: tensor([[ 2.1955, -0.2885, -1.0101, -0.1772, -0.1869]])
+ Residual: tensor([[-1.4217,  1.4604, -0.6710, -0.0470,  0.9666]])
After Norm: tensor([[ 0.7510,  1.1375, -1.7786, -0.2067,  0.7682]])
Logits: tensor([[-2.3951, -1.6658, -1.6497, -3.1226,  0.6810]])
Input Embeddings: tensor([[-0.0311, -0.0048, -0.0023,  0.0037, -0.0037]])
Position Embeddings (cos, sin): tensor([[-0.6264,  0.6171,  0.3051, -0.8371, -0.9986]]) tensor([[-0.7795,  0.7869, -0.9523, -0.5470, -0.0527]])
Processing Layer: 0
After splitting heads:
Key: tensor([[ 1.3814,  1.1938,  0.4498, -1.3316, -0.6556]])
Query: tensor([[ 0.4254,  0.3106, -0.1913, -0.1733, -0.3905]])
Value: tensor([[-0.0088, -0.0371, -0.0090,  0.0016, -0.0388]])
After applying RoPE:
Key: tensor([[-1.2560,  1.1414,  1.2683,  0.7011,  0.7131]])
Query: tensor([[-0.3257,  0.1851,  0.4629,  0.0751,  0.4106]])
Key: tensor([[-0.5235,  0.9483,  0.0996, -0.3477, -1.0046],
        [ 0.4673,  0.6532,  0.2995, -0.5924, -0.1314],
        [-1.1023,  0.6347, -1.8176, -0.0116, -1.0347],
        [ 0.5820, -1.1085,  0.5770,  0.2124,  0.9392],
        [-1.9051, -1.1454,  0.4640,  1.4405,  1.0803]])
Query: tensor([[-0.3257,  0.1851,  0.4629,  0.0751,  0.4106]])
Value: tensor([[-0.0086, -0.0080,  0.0028,  0.0039,  0.0162],
        [ 0.0060, -0.0010,  0.0002, -0.0041,  0.0037],
        [ 0.0270,  0.0230, -0.0038,  0.0048,  0.0745],
        [-0.0133, -0.0043,  0.0200,  0.0036, -0.0028],
        [-0.0147,  0.0085, -0.0012, -0.0060, -0.0002]])
Torch attention_mask: torch.Size([1, 1, 1, 93])
Attention Weights: tensor([[-0.4564, -0.0889, -1.4104,  0.3384, -0.4429]])
Attention Output: tensor([[-0.0035, -0.0039, -0.0026,  0.0029,  0.0001]])
Final Attention Output tensor([[ 0.0077,  0.0040, -0.0123,  0.0079,  0.0070]])
After Self Attention: tensor([[ 0.0077,  0.0040, -0.0123,  0.0079,  0.0070]])
+ Residual: tensor([[-0.0311, -0.0048, -0.0023,  0.0037, -0.0037]])
Input to MLP: tensor([[-0.0560, -0.0018, -0.0350,  0.0278,  0.0080]])
Output of MLP: tensor([[-1.0288, -1.0423, -0.6398,  0.9601,  0.3135]])
After MLP: tensor([[-1.0288, -1.0423, -0.6398,  0.9601,  0.3135]])
+ Residual: tensor([[-0.0234, -0.0007, -0.0146,  0.0116,  0.0033]])
Processing Layer: 1
After splitting heads:
Key: tensor([[-2.5046, -3.3622,  0.5546,  2.8422,  0.6161]])
Query: tensor([[ 2.3395, -3.2799, -3.1924, -1.4264, -2.2176]])
Value: tensor([[ 0.1873, -0.0828, -0.2299,  0.0943,  0.6455]])
After applying RoPE:
Key: tensor([[ 7.1951, -2.7011, -3.0739, -3.3821, -0.6778]])
Query: tensor([[ 1.4392, -4.4832, -2.5027,  0.2440,  2.0960]])
Key: tensor([[ 0.2355, -0.5879,  0.8931,  0.0355, -0.6133],
        [-3.4842, -2.5823,  2.6252, -0.6500, -1.0098],
        [-5.1300,  2.9025,  1.6536,  1.8672,  0.2063],
        [-0.9041,  0.9786,  0.1260,  0.9326,  0.6661],
        [ 3.4318,  2.6850,  2.2296, -0.7158, -0.7606]])
Query: tensor([[ 1.4392, -4.4832, -2.5027,  0.2440,  2.0960]])
Value: tensor([[-0.3020, -0.0109, -0.0280,  0.1131,  0.0319],
        [ 0.0244,  0.0349,  0.1597,  0.0994,  0.4495],
        [-0.0022,  0.4742, -0.4355,  0.2292,  0.3924],
        [ 0.3436,  0.1395,  0.1687,  0.2790,  0.0958],
        [-0.4546,  0.3024,  0.1334, -0.9582,  0.2807]])
Torch attention_mask: torch.Size([1, 1, 1, 93])
Attention Weights: tensor([[-2.4291, -7.0886, -9.3038, -4.2607, -6.7599]])
Attention Output: tensor([[ 0.3130,  0.1087,  0.2197, -0.1234,  0.4650]])
Final Attention Output tensor([[ 0.1983,  0.7457, -0.0941,  0.4045, -0.1288]])
After Self Attention: tensor([[ 0.1983,  0.7457, -0.0941,  0.4045, -0.1288]])
+ Residual: tensor([[-1.0522, -1.0431, -0.6544,  0.9717,  0.3168]])
Input to MLP: tensor([[-0.1288, -0.0419, -0.1257,  0.1906,  0.0285]])
Output of MLP: tensor([[-0.3271, -1.5685, -0.4659,  0.1304, -0.4636]])
After MLP: tensor([[-0.3271, -1.5685, -0.4659,  0.1304, -0.4636]])
+ Residual: tensor([[-0.8539, -0.2974, -0.7485,  1.3761,  0.1879]])
After Norm: tensor([[-1.0737, -1.6964, -1.2034,  1.3013, -0.2544]])
Logits: tensor([[-0.3644, -0.2941, -0.9952, -2.9855, -5.9675]])
Input Embeddings: tensor([[-0.0033, -0.0136, -0.0747, -0.0859,  0.0170]])
Position Embeddings (cos, sin): tensor([[ 0.3174, -0.2306,  0.8983, -0.2654, -0.7635]]) tensor([[-0.9483,  0.9731, -0.4394, -0.9641, -0.6459]])
Processing Layer: 0
After splitting heads:
Key: tensor([[ 1.4313,  1.5977,  0.1426, -1.7969, -1.0328]])
Query: tensor([[ 0.4335,  0.2389,  0.4936, -0.5899, -0.5600]])
Value: tensor([[-0.0039, -0.0302, -0.0125, -0.0492,  0.0205]])
After applying RoPE:
Key: tensor([[ 0.3838,  0.1761,  0.5045, -0.2992,  1.1780]])
Query: tensor([[-0.1363,  0.2571,  0.5698,  0.2288,  0.9414]])
Key: tensor([[-0.5235,  0.9483,  0.0996, -0.3477, -1.0046],
        [ 0.4673,  0.6532,  0.2995, -0.5924, -0.1314],
        [-1.1023,  0.6347, -1.8176, -0.0116, -1.0347],
        [ 0.5820, -1.1085,  0.5770,  0.2124,  0.9392],
        [-1.9051, -1.1454,  0.4640,  1.4405,  1.0803]])
Query: tensor([[-0.1363,  0.2571,  0.5698,  0.2288,  0.9414]])
Value: tensor([[-0.0086, -0.0080,  0.0028,  0.0039,  0.0162],
        [ 0.0060, -0.0010,  0.0002, -0.0041,  0.0037],
        [ 0.0270,  0.0230, -0.0038,  0.0048,  0.0745],
        [-0.0133, -0.0043,  0.0200,  0.0036, -0.0028],
        [-0.0147,  0.0085, -0.0012, -0.0060, -0.0002]])
Torch attention_mask: torch.Size([1, 1, 1, 94])
Attention Weights: tensor([[ 1.2462,  1.5754, -1.6027,  2.4017, -0.6878]])
Attention Output: tensor([[-4.6491e-03, -2.9468e-03, -8.8570e-05,  1.5306e-04,  2.0095e-03]])
Final Attention Output tensor([[ 0.0178,  0.0206, -0.0001, -0.0041,  0.0176]])
After Self Attention: tensor([[ 0.0178,  0.0206, -0.0001, -0.0041,  0.0176]])
+ Residual: tensor([[-0.0033, -0.0136, -0.0747, -0.0859,  0.0170]])
Input to MLP: tensor([[ 0.0311,  0.0152, -0.1614, -0.1950,  0.0745]])
Output of MLP: tensor([[-0.7620,  1.4578, -0.5701, -4.5003,  0.2336]])
After MLP: tensor([[-0.7620,  1.4578, -0.5701, -4.5003,  0.2336]])
+ Residual: tensor([[ 0.0145,  0.0070, -0.0749, -0.0901,  0.0346]])
Processing Layer: 1
After splitting heads:
Key: tensor([[-0.5097, -3.5930,  1.2387,  0.9750,  1.3372]])
Query: tensor([[ 0.4829, -1.8152, -2.2438, -1.5242,  0.1784]])
Value: tensor([[-1.3847,  0.3089, -0.1379, -0.7833, -0.5178]])
After applying RoPE:
Key: tensor([[ 5.7536,  2.4127, -0.4160, -2.2738, -2.5905]])
Query: tensor([[ 2.8632, -0.1887, -2.1284, -1.2441, -1.1051]])
Key: tensor([[ 0.2355, -0.5879,  0.8931,  0.0355, -0.6133],
        [-3.4842, -2.5823,  2.6252, -0.6500, -1.0098],
        [-5.1300,  2.9025,  1.6536,  1.8672,  0.2063],
        [-0.9041,  0.9786,  0.1260,  0.9326,  0.6661],
        [ 3.4318,  2.6850,  2.2296, -0.7158, -0.7606]])
Query: tensor([[ 2.8632, -0.1887, -2.1284, -1.2441, -1.1051]])
Value: tensor([[-0.3020, -0.0109, -0.0280,  0.1131,  0.0319],
        [ 0.0244,  0.0349,  0.1597,  0.0994,  0.4495],
        [-0.0022,  0.4742, -0.4355,  0.2292,  0.3924],
        [ 0.3436,  0.1395,  0.1687,  0.2790,  0.0958],
        [-0.4546,  0.3024,  0.1334, -0.9582,  0.2807]])
Torch attention_mask: torch.Size([1, 1, 1, 94])
Attention Weights: tensor([[-0.4960, -5.0991, -7.1947, -3.1911, -3.9375]])
Attention Output: tensor([[-0.0828, -0.0023,  0.0052, -0.0596,  0.0823]])
Final Attention Output tensor([[-0.2757, -0.4099, -0.2228,  0.5092, -0.0424]])
After Self Attention: tensor([[-0.2757, -0.4099, -0.2228,  0.5092, -0.0424]])
+ Residual: tensor([[-0.7475,  1.4648, -0.6449, -4.5904,  0.2681]])
Input to MLP: tensor([[-0.1254,  0.1206, -0.1183, -0.4591,  0.0278]])
Output of MLP: tensor([[-0.3416,  0.0174,  0.2061, -0.4587, -0.1487]])
After MLP: tensor([[-0.3416,  0.0174,  0.2061, -0.4587, -0.1487]])
+ Residual: tensor([[-1.0232,  1.0548, -0.8677, -4.0812,  0.2257]])
After Norm: tensor([[-1.3333,  1.0475, -0.7045, -4.2135,  0.0763]])
Logits: tensor([[ 1.4990,  4.1762,  5.1959, -0.7618, -3.2406]])
Input Embeddings: tensor([[ 0.0515, -0.0476,  0.0148,  0.0048, -0.0009]])
Position Embeddings (cos, sin): tensor([[ 0.9695, -0.9046,  0.9391,  0.4392, -0.2175]]) tensor([[-0.2453,  0.4263,  0.3437, -0.8984, -0.9761]])
Processing Layer: 0
After splitting heads:
Key: tensor([[ 1.7309,  1.1800,  0.2357, -1.2170, -0.9412]])
Query: tensor([[ 0.3116,  0.0880, -0.2059,  0.0295, -0.1388]])
Value: tensor([[ 0.0226, -0.0164,  0.0086, -0.0065, -0.0002]])
After applying RoPE:
Key: tensor([[ 1.5099, -0.7920, -0.2744, -0.7634,  1.1451]])
Query: tensor([[ 0.2624,  0.0245, -0.2957,  0.0244,  0.5120]])
Key: tensor([[-0.5235,  0.9483,  0.0996, -0.3477, -1.0046],
        [ 0.4673,  0.6532,  0.2995, -0.5924, -0.1314],
        [-1.1023,  0.6347, -1.8176, -0.0116, -1.0347],
        [ 0.5820, -1.1085,  0.5770,  0.2124,  0.9392],
        [-1.9051, -1.1454,  0.4640,  1.4405,  1.0803]])
Query: tensor([[ 0.2624,  0.0245, -0.2957,  0.0244,  0.5120]])
Value: tensor([[-0.0086, -0.0080,  0.0028,  0.0039,  0.0162],
        [ 0.0060, -0.0010,  0.0002, -0.0041,  0.0037],
        [ 0.0270,  0.0230, -0.0038,  0.0048,  0.0745],
        [-0.0133, -0.0043,  0.0200,  0.0036, -0.0028],
        [-0.0147,  0.0085, -0.0012, -0.0060, -0.0002]])
Torch attention_mask: torch.Size([1, 1, 1, 95])
Attention Weights: tensor([[-0.4170,  0.2142, -1.3885,  0.8057, -0.3937]])
Attention Output: tensor([[-0.0024, -0.0039, -0.0019,  0.0003,  0.0008]])
Final Attention Output tensor([[ 0.0278,  0.0138,  0.0119, -0.0195, -0.0032]])
After Self Attention: tensor([[ 0.0278,  0.0138,  0.0119, -0.0195, -0.0032]])
+ Residual: tensor([[ 0.0515, -0.0476,  0.0148,  0.0048, -0.0009]])
Input to MLP: tensor([[ 0.1525, -0.0661,  0.0515, -0.0285, -0.0081]])
Output of MLP: tensor([[ 0.4453, -0.9239,  0.8524,  0.1964, -0.7531]])
After MLP: tensor([[ 0.4453, -0.9239,  0.8524,  0.1964, -0.7531]])
+ Residual: tensor([[ 0.0793, -0.0338,  0.0267, -0.0147, -0.0042]])
Processing Layer: 1
After splitting heads:
Key: tensor([[-1.7097, -2.0682,  0.1695,  0.5363,  1.1418]])
Query: tensor([[ 0.7236, -3.5578, -0.8521, -0.3085, -1.0953]])
Value: tensor([[ 0.2331,  0.1117, -0.0418, -0.6766,  0.7954]])
After applying RoPE:
Key: tensor([[-0.0259,  1.8576,  0.9118, -1.1837, -2.1005]])
Query: tensor([[ 1.4209,  2.0824, -0.7551, -1.3650, -1.8857]])
Key: tensor([[ 0.2355, -0.5879,  0.8931,  0.0355, -0.6133],
        [-3.4842, -2.5823,  2.6252, -0.6500, -1.0098],
        [-5.1300,  2.9025,  1.6536,  1.8672,  0.2063],
        [-0.9041,  0.9786,  0.1260,  0.9326,  0.6661],
        [ 3.4318,  2.6850,  2.2296, -0.7158, -0.7606]])
Query: tensor([[ 1.4209,  2.0824, -0.7551, -1.3650, -1.8857]])
Value: tensor([[-0.3020, -0.0109, -0.0280,  0.1131,  0.0319],
        [ 0.0244,  0.0349,  0.1597,  0.0994,  0.4495],
        [-0.0022,  0.4742, -0.4355,  0.2292,  0.3924],
        [ 0.3436,  0.1395,  0.1687,  0.2790,  0.0958],
        [-0.4546,  0.3024,  0.1334, -0.9582,  0.2807]])
Torch attention_mask: torch.Size([1, 1, 1, 95])
Attention Weights: tensor([[-0.2597, -4.0547, -4.3050, -3.3284, -3.9946]])
Attention Output: tensor([[-0.7330,  0.1311, -0.0769, -0.4275, -0.2114]])
Final Attention Output tensor([[-0.9927, -0.0923,  0.1001, -0.3867, -1.0493]])
After Self Attention: tensor([[-0.9927, -0.0923,  0.1001, -0.3867, -1.0493]])
+ Residual: tensor([[ 0.5246, -0.9577,  0.8791,  0.1817, -0.7573]])
Input to MLP: tensor([[-0.0753, -0.1576,  0.1752, -0.0303, -0.2920]])
Output of MLP: tensor([[ 1.7998,  1.2580, -1.8513,  1.5957, -0.9677]])
After MLP: tensor([[ 1.7998,  1.2580, -1.8513,  1.5957, -0.9677]])
+ Residual: tensor([[-0.4681, -1.0499,  0.9792, -0.2050, -1.8066]])
After Norm: tensor([[ 1.3451,  0.2101, -0.9602,  1.3345, -2.8442]])
Logits: tensor([[ 1.5221,  4.5319,  2.1978, -5.0139, -6.4646]])
Input Embeddings: tensor([[ 0.0195, -0.0025,  0.1177, -0.0378, -0.0586]])
Position Embeddings (cos, sin): tensor([[ 0.7302, -0.8973,  0.4023,  0.9239,  0.4170]]) tensor([[ 0.6833, -0.4415,  0.9155, -0.3827, -0.9089]])
Processing Layer: 0
After splitting heads:
Key: tensor([[ 1.1379,  1.1751,  0.3981, -1.2995, -0.8503]])
Query: tensor([[-0.1044, -0.2244, -0.3955,  0.2946, -0.0191]])
Value: tensor([[ 0.0142, -0.0187,  0.0054, -0.0065, -0.0075]])
After applying RoPE:
Key: tensor([[ 1.2581, -1.3568, -0.7460, -1.3728,  0.6031]])
Query: tensor([[-0.1187, -0.0597, -0.4227,  0.5194,  0.5264]])
Key: tensor([[-0.5235,  0.9483,  0.0996, -0.3477, -1.0046],
        [ 0.4673,  0.6532,  0.2995, -0.5924, -0.1314],
        [-1.1023,  0.6347, -1.8176, -0.0116, -1.0347],
        [ 0.5820, -1.1085,  0.5770,  0.2124,  0.9392],
        [-1.9051, -1.1454,  0.4640,  1.4405,  1.0803]])
Query: tensor([[-0.1187, -0.0597, -0.4227,  0.5194,  0.5264]])
Value: tensor([[-0.0086, -0.0080,  0.0028,  0.0039,  0.0162],
        [ 0.0060, -0.0010,  0.0002, -0.0041,  0.0037],
        [ 0.0270,  0.0230, -0.0038,  0.0048,  0.0745],
        [-0.0133, -0.0043,  0.0200,  0.0036, -0.0028],
        [-0.0147,  0.0085, -0.0012, -0.0060, -0.0002]])
Torch attention_mask: torch.Size([1, 1, 1, 96])
Attention Weights: tensor([[-0.8475, -0.2623, -1.7407,  0.2082, -0.6499]])
Attention Output: tensor([[-0.0013, -0.0048, -0.0024, -0.0003,  0.0001]])
Final Attention Output tensor([[ 0.0362, -0.0208, -0.0050,  0.0029, -0.0110]])
After Self Attention: tensor([[ 0.0362, -0.0208, -0.0050,  0.0029, -0.0110]])
+ Residual: tensor([[ 0.0195, -0.0025,  0.1177, -0.0378, -0.0586]])
Input to MLP: tensor([[ 0.0894, -0.0380,  0.1813, -0.0565, -0.1120]])
Output of MLP: tensor([[-0.9174, -0.3860, -0.3077,  1.9205,  1.2856]])
After MLP: tensor([[-0.9174, -0.3860, -0.3077,  1.9205,  1.2856]])
+ Residual: tensor([[ 0.0558, -0.0233,  0.1126, -0.0349, -0.0696]])
Processing Layer: 1
After splitting heads:
Key: tensor([[-2.8180, -1.6810,  1.1805,  0.7858,  1.4499]])
Query: tensor([[ 2.7396, -2.7778, -1.6086, -1.2771, -3.2224]])
Value: tensor([[-0.2500,  0.0830,  0.4340,  0.4511, -0.2285]])
After applying RoPE:
Key: tensor([[-6.3937,  1.9258,  2.1770,  0.2508, -1.5290]])
Query: tensor([[ 0.7442,  4.1007, -0.6861, -1.5902, -2.3031]])
Key: tensor([[ 0.2355, -0.5879,  0.8931,  0.0355, -0.6133],
        [-3.4842, -2.5823,  2.6252, -0.6500, -1.0098],
        [-5.1300,  2.9025,  1.6536,  1.8672,  0.2063],
        [-0.9041,  0.9786,  0.1260,  0.9326,  0.6661],
        [ 3.4318,  2.6850,  2.2296, -0.7158, -0.7606]])
Query: tensor([[ 0.7442,  4.1007, -0.6861, -1.5902, -2.3031]])
Value: tensor([[-0.3020, -0.0109, -0.0280,  0.1131,  0.0319],
        [ 0.0244,  0.0349,  0.1597,  0.0994,  0.4495],
        [-0.0022,  0.4742, -0.4355,  0.2292,  0.3924],
        [ 0.3436,  0.1395,  0.1687,  0.2790,  0.0958],
        [-0.4546,  0.3024,  0.1334, -0.9582,  0.2807]])
Torch attention_mask: torch.Size([1, 1, 1, 96])
Attention Weights: tensor([[-1.2148, -4.6947, -5.9671, -4.4213, -4.9453]])
Attention Output: tensor([[-0.5398,  0.1314, -0.0562, -0.4804, -0.0228]])
Final Attention Output tensor([[-0.6030, -0.2997, -0.1470,  0.2289, -0.3271]])
After Self Attention: tensor([[-0.6030, -0.2997, -0.1470,  0.2289, -0.3271]])
+ Residual: tensor([[-0.8617, -0.4093, -0.1951,  1.8855,  1.2161]])
Input to MLP: tensor([[-0.3005, -0.1357, -0.0781,  0.3982,  0.1833]])
Output of MLP: tensor([[ 1.9452, -1.3309,  1.1337,  0.0386, -1.2201]])
After MLP: tensor([[ 1.9452, -1.3309,  1.1337,  0.0386, -1.2201]])
+ Residual: tensor([[-1.4646, -0.7090, -0.3421,  2.1145,  0.8890]])
After Norm: tensor([[ 0.5628, -2.3891,  1.0106,  2.3956, -0.3937]])
Logits: tensor([[9.0102, 7.8972, 8.9184, 3.5126, 1.9734]])
Input Embeddings: tensor([[0.0066, 0.0576, 0.0201, 0.0231, 0.0071]])
Position Embeddings (cos, sin): tensor([[-0.1804, -0.2142, -0.3818,  0.9458,  0.8817]]) tensor([[ 0.9836, -0.9768,  0.9242,  0.3247, -0.4718]])
Processing Layer: 0
After splitting heads:
Key: tensor([[ 1.4322,  1.2030,  0.3487, -1.3309, -0.7866]])
Query: tensor([[ 0.4712, -0.0162, -0.0230, -0.3280, -0.1397]])
Value: tensor([[-0.0196, -0.0331,  0.0269,  0.0329,  0.0273]])
After applying RoPE:
Key: tensor([[ 0.3985, -0.9994, -1.1380, -1.1360, -0.1580]])
Query: tensor([[ 0.0520, -0.3712, -0.5335, -0.2518,  0.2647]])
Key: tensor([[-0.5235,  0.9483,  0.0996, -0.3477, -1.0046],
        [ 0.4673,  0.6532,  0.2995, -0.5924, -0.1314],
        [-1.1023,  0.6347, -1.8176, -0.0116, -1.0347],
        [ 0.5820, -1.1085,  0.5770,  0.2124,  0.9392],
        [-1.9051, -1.1454,  0.4640,  1.4405,  1.0803]])
Query: tensor([[ 0.0520, -0.3712, -0.5335, -0.2518,  0.2647]])
Value: tensor([[-0.0086, -0.0080,  0.0028,  0.0039,  0.0162],
        [ 0.0060, -0.0010,  0.0002, -0.0041,  0.0037],
        [ 0.0270,  0.0230, -0.0038,  0.0048,  0.0745],
        [-0.0133, -0.0043,  0.0200,  0.0036, -0.0028],
        [-0.0147,  0.0085, -0.0012, -0.0060, -0.0002]])
Torch attention_mask: torch.Size([1, 1, 1, 97])
Attention Weights: tensor([[-0.0561,  0.7868, -0.9140,  1.3249, -0.5133]])
Attention Output: tensor([[-3.6551e-03, -4.6668e-03,  2.8135e-05,  1.4279e-03,  1.7807e-03]])
Final Attention Output tensor([[ 0.0217, -0.0095, -0.0176, -0.0091, -0.0032]])
After Self Attention: tensor([[ 0.0217, -0.0095, -0.0176, -0.0091, -0.0032]])
+ Residual: tensor([[0.0066, 0.0576, 0.0201, 0.0231, 0.0071]])
Input to MLP: tensor([[0.0557, 0.0963, 0.0051, 0.0278, 0.0078]])
Output of MLP: tensor([[ 0.1785,  1.1952, -1.1682, -2.1553, -0.9990]])
After MLP: tensor([[ 0.1785,  1.1952, -1.1682, -2.1553, -0.9990]])
+ Residual: tensor([[0.0283, 0.0482, 0.0026, 0.0140, 0.0039]])
Processing Layer: 1
After splitting heads:
Key: tensor([[-2.1368, -1.6331,  0.0807,  1.4819,  1.4460]])
Query: tensor([[ 1.7774, -2.9103, -2.2561, -0.9733, -1.3971]])
Value: tensor([[ 0.4744,  0.1680,  0.0701,  1.1215, -0.5010]])
After applying RoPE:
Key: tensor([[-5.5271,  0.1577,  2.7976,  2.0561,  0.5634]])
Query: tensor([[-3.2717,  2.8368,  0.7790, -0.5522, -2.1346]])
Key: tensor([[ 0.2355, -0.5879,  0.8931,  0.0355, -0.6133],
        [-3.4842, -2.5823,  2.6252, -0.6500, -1.0098],
        [-5.1300,  2.9025,  1.6536,  1.8672,  0.2063],
        [-0.9041,  0.9786,  0.1260,  0.9326,  0.6661],
        [ 3.4318,  2.6850,  2.2296, -0.7158, -0.7606]])
Query: tensor([[-3.2717,  2.8368,  0.7790, -0.5522, -2.1346]])
Value: tensor([[-0.3020, -0.0109, -0.0280,  0.1131,  0.0319],
        [ 0.0244,  0.0349,  0.1597,  0.0994,  0.4495],
        [-0.0022,  0.4742, -0.4355,  0.2292,  0.3924],
        [ 0.3436,  0.1395,  0.1687,  0.2790,  0.0958],
        [-0.4546,  0.3024,  0.1334, -0.9582,  0.2807]])
Torch attention_mask: torch.Size([1, 1, 1, 97])
Attention Weights: tensor([[-0.6759, -4.4609, -4.4181, -3.2281, -4.8880]])
Attention Output: tensor([[-0.1468,  0.0366,  0.1457,  0.0274, -0.0123]])
Final Attention Output tensor([[0.0166, 0.2144, 0.0501, 0.2954, 0.0620]])
After Self Attention: tensor([[0.0166, 0.2144, 0.0501, 0.2954, 0.0620]])
+ Residual: tensor([[ 0.2068,  1.2434, -1.1657, -2.1413, -0.9951]])
Input to MLP: tensor([[ 0.0369,  0.2250, -0.2053, -0.2802, -0.1551]])
Output of MLP: tensor([[-0.7666, -0.0466,  0.8884, -0.9433,  0.5932]])
After MLP: tensor([[-0.7666, -0.0466,  0.8884, -0.9433,  0.5932]])
+ Residual: tensor([[ 0.2234,  1.4578, -1.1156, -1.8459, -0.9331]])
After Norm: tensor([[-0.5706,  1.4823, -0.2601, -2.7833, -0.3623]])
Logits: tensor([[-1.3385, -1.5645, -4.9236, -0.1982, -0.1033]])
Input Embeddings: tensor([[ 0.0369, -0.0618,  0.0420,  0.0601, -0.0894]])
Position Embeddings (cos, sin): tensor([[-0.9251,  0.6302, -0.9312,  0.4940,  0.9875]]) tensor([[ 0.3796, -0.7764,  0.3646,  0.8695,  0.1574]])
Processing Layer: 0
After splitting heads:
Key: tensor([[ 1.3923,  0.9014,  0.4057, -1.0528, -0.5737]])
Query: tensor([[ 3.6648e-01,  2.9800e-01,  1.8568e-01, -2.5198e-05, -4.5105e-01]])
Value: tensor([[0.0107, 0.0067, 0.0101, 0.0237, 0.0004]])
After applying RoPE:
Key: tensor([[-1.0723e+00, -1.0681e-03, -7.8415e-01, -9.4042e-02, -7.0228e-01]])
Query: tensor([[-0.4576,  0.2497, -0.2750,  0.1501, -0.5276]])
Key: tensor([[-0.5235,  0.9483,  0.0996, -0.3477, -1.0046],
        [ 0.4673,  0.6532,  0.2995, -0.5924, -0.1314],
        [-1.1023,  0.6347, -1.8176, -0.0116, -1.0347],
        [ 0.5820, -1.1085,  0.5770,  0.2124,  0.9392],
        [-1.9051, -1.1454,  0.4640,  1.4405,  1.0803]])
Query: tensor([[-0.4576,  0.2497, -0.2750,  0.1501, -0.5276]])
Value: tensor([[-0.0086, -0.0080,  0.0028,  0.0039,  0.0162],
        [ 0.0060, -0.0010,  0.0002, -0.0041,  0.0037],
        [ 0.0270,  0.0230, -0.0038,  0.0048,  0.0745],
        [-0.0133, -0.0043,  0.0200,  0.0036, -0.0028],
        [-0.0147,  0.0085, -0.0012, -0.0060, -0.0002]])
Torch attention_mask: torch.Size([1, 1, 1, 98])
Attention Weights: tensor([[ 0.4313,  1.3691, -0.3546,  1.9964, -0.1939]])
Attention Output: tensor([[-0.0038, -0.0039,  0.0002,  0.0009,  0.0018]])
Final Attention Output tensor([[ 0.0185,  0.0061, -0.0266, -0.0134,  0.0076]])
After Self Attention: tensor([[ 0.0185,  0.0061, -0.0266, -0.0134,  0.0076]])
+ Residual: tensor([[ 0.0369, -0.0618,  0.0420,  0.0601, -0.0894]])
Input to MLP: tensor([[ 0.1544, -0.1578,  0.0431,  0.1313, -0.2288]])
Output of MLP: tensor([[-0.3468,  0.5957,  0.0133, -1.3374, -0.8615]])
After MLP: tensor([[-0.3468,  0.5957,  0.0133, -1.3374, -0.8615]])
+ Residual: tensor([[ 0.0554, -0.0557,  0.0154,  0.0467, -0.0817]])
Processing Layer: 1
After splitting heads:
Key: tensor([[-1.2697, -3.2807, -1.3081,  1.5728, -0.3981]])
Query: tensor([[ 0.7968, -1.2648, -1.8155, -1.1465,  0.3129]])
Value: tensor([[ 0.3293, -0.0312,  0.3559, -0.5546, -0.2524]])
After applying RoPE:
Key: tensor([[-1.0152, -1.7591,  2.5518,  2.4871, -0.2310]])
Query: tensor([[-2.0563, -0.2067,  2.0748,  0.3488,  0.5352]])
Key: tensor([[ 0.2355, -0.5879,  0.8931,  0.0355, -0.6133],
        [-3.4842, -2.5823,  2.6252, -0.6500, -1.0098],
        [-5.1300,  2.9025,  1.6536,  1.8672,  0.2063],
        [-0.9041,  0.9786,  0.1260,  0.9326,  0.6661],
        [ 3.4318,  2.6850,  2.2296, -0.7158, -0.7606]])
Query: tensor([[-2.0563, -0.2067,  2.0748,  0.3488,  0.5352]])
Value: tensor([[-0.3020, -0.0109, -0.0280,  0.1131,  0.0319],
        [ 0.0244,  0.0349,  0.1597,  0.0994,  0.4495],
        [-0.0022,  0.4742, -0.4355,  0.2292,  0.3924],
        [ 0.3436,  0.1395,  0.1687,  0.2790,  0.0958],
        [-0.4546,  0.3024,  0.1334, -0.9582,  0.2807]])
Torch attention_mask: torch.Size([1, 1, 1, 98])
Attention Weights: tensor([[ 0.4657, -4.5033, -3.1414, -1.3610, -4.9914]])
Attention Output: tensor([[ 0.0472,  0.0076,  0.0466,  0.2270, -0.1051]])
Final Attention Output tensor([[ 0.4225, -0.0918,  0.0479,  0.4161, -0.0137]])
After Self Attention: tensor([[ 0.4225, -0.0918,  0.0479,  0.4161, -0.0137]])
+ Residual: tensor([[-0.2915,  0.5400,  0.0287, -1.2907, -0.9432]])
Input to MLP: tensor([[ 0.0144,  0.0460,  0.0094, -0.0883, -0.1058]])
Output of MLP: tensor([[-1.2036, -0.0979, -0.5788,  0.8175,  0.5232]])
After MLP: tensor([[-1.2036, -0.0979, -0.5788,  0.8175,  0.5232]])
+ Residual: tensor([[ 0.1310,  0.4482,  0.0766, -0.8746, -0.9569]])
After Norm: tensor([[-0.9207,  0.3007, -0.4698, -0.0466, -0.3778]])
Logits: tensor([[-0.3934,  1.9505,  1.4091, -3.2610, -0.9136]])
Input Embeddings: tensor([[ 1.1523e-01,  3.9551e-02, -3.8147e-05,  4.3701e-02, -8.1177e-03]])
Position Embeddings (cos, sin): tensor([[-0.8193,  1.0000, -0.9078, -0.2053,  0.6913]]) tensor([[-0.5734,  0.0087, -0.4193,  0.9787,  0.7225]])
Processing Layer: 0
After splitting heads:
Key: tensor([[ 1.3447,  1.5323,  0.2762, -1.2074, -1.2925]])
Query: tensor([[ 0.4690,  0.4211,  0.5540, -0.2527, -0.7891]])
Value: tensor([[-0.0058, -0.0340,  0.0004, -0.0407,  0.0359]])
After applying RoPE:
Key: tensor([[-1.2239,  1.5399,  0.0360,  1.0478, -1.5760]])
Query: tensor([[-0.2707,  0.4218, -0.4510,  0.2365, -1.0889]])
Key: tensor([[-0.5235,  0.9483,  0.0996, -0.3477, -1.0046],
        [ 0.4673,  0.6532,  0.2995, -0.5924, -0.1314],
        [-1.1023,  0.6347, -1.8176, -0.0116, -1.0347],
        [ 0.5820, -1.1085,  0.5770,  0.2124,  0.9392],
        [-1.9051, -1.1454,  0.4640,  1.4405,  1.0803]])
Query: tensor([[-0.2707,  0.4218, -0.4510,  0.2365, -1.0889]])
Value: tensor([[-0.0086, -0.0080,  0.0028,  0.0039,  0.0162],
        [ 0.0060, -0.0010,  0.0002, -0.0041,  0.0037],
        [ 0.0270,  0.0230, -0.0038,  0.0048,  0.0745],
        [-0.0133, -0.0043,  0.0200,  0.0036, -0.0028],
        [-0.0147,  0.0085, -0.0012, -0.0060, -0.0002]])
Torch attention_mask: torch.Size([1, 1, 1, 99])
Attention Weights: tensor([[ 0.9472,  1.6622, -0.8724,  2.2043, -0.8065]])
Attention Output: tensor([[-0.0042, -0.0035,  0.0006, -0.0004,  0.0029]])
Final Attention Output tensor([[ 0.0268,  0.0030, -0.0154, -0.0019,  0.0257]])
After Self Attention: tensor([[ 0.0268,  0.0030, -0.0154, -0.0019,  0.0257]])
+ Residual: tensor([[ 1.1523e-01,  3.9551e-02, -3.8147e-05,  4.3701e-02, -8.1177e-03]])
Input to MLP: tensor([[ 0.2694,  0.0819, -0.0294,  0.0799,  0.0334]])
Output of MLP: tensor([[ 0.0683, -1.1005, -0.7395,  2.4459, -0.2197]])
After MLP: tensor([[ 0.0683, -1.1005, -0.7395,  2.4459, -0.2197]])
+ Residual: tensor([[ 0.1421,  0.0425, -0.0154,  0.0418,  0.0175]])
Processing Layer: 1
After splitting heads:
Key: tensor([[-1.3605, -2.8206, -0.5729,  1.6838,  1.0785]])
Query: tensor([[-0.3288, -1.2227, -1.8441, -0.9322,  0.2476]])
Value: tensor([[ 0.5071,  0.4714, -1.1322, -0.7310, -0.0981]])
After applying RoPE:
Key: tensor([[ 3.5976, -2.8144, -0.7806,  1.4710,  1.8875]])
Query: tensor([[ 1.7858, -1.2291,  1.3484,  1.9192,  0.5737]])
Key: tensor([[ 0.2355, -0.5879,  0.8931,  0.0355, -0.6133],
        [-3.4842, -2.5823,  2.6252, -0.6500, -1.0098],
        [-5.1300,  2.9025,  1.6536,  1.8672,  0.2063],
        [-0.9041,  0.9786,  0.1260,  0.9326,  0.6661],
        [ 3.4318,  2.6850,  2.2296, -0.7158, -0.7606]])
Query: tensor([[ 1.7858, -1.2291,  1.3484,  1.9192,  0.5737]])
Value: tensor([[-0.3020, -0.0109, -0.0280,  0.1131,  0.0319],
        [ 0.0244,  0.0349,  0.1597,  0.0994,  0.4495],
        [-0.0022,  0.4742, -0.4355,  0.2292,  0.3924],
        [ 0.3436,  0.1395,  0.1687,  0.2790,  0.0958],
        [-0.4546,  0.3024,  0.1334, -0.9582,  0.2807]])
Torch attention_mask: torch.Size([1, 1, 1, 99])
Attention Weights: tensor([[ 0.0081, -4.5591, -5.4365, -1.2843, -1.7138]])
Attention Output: tensor([[ 0.1147,  0.0090,  0.0794, -0.0140, -0.1166]])
Final Attention Output tensor([[ 0.0125,  0.3215, -0.0375,  0.6456,  0.2001]])
After Self Attention: tensor([[ 0.0125,  0.3215, -0.0375,  0.6456,  0.2001]])
+ Residual: tensor([[ 0.2104, -1.0580, -0.7549,  2.4877, -0.2022]])
Input to MLP: tensor([[ 3.2922e-02, -1.0156e-01, -1.3028e-01,  4.2496e-01, -3.0922e-04]])
Output of MLP: tensor([[ 0.5335,  0.6324, -0.0463,  0.5566, -0.8086]])
After MLP: tensor([[ 0.5335,  0.6324, -0.0463,  0.5566, -0.8086]])
+ Residual: tensor([[ 2.2282e-01, -7.3648e-01, -7.9239e-01,  3.1333e+00, -2.0822e-03]])
After Norm: tensor([[ 0.8252, -0.1136, -0.9974,  3.8246, -0.8978]])
Logits: tensor([[-0.5923, -4.4443, -4.9232,  3.2998, -3.0257]])
≡ƒû¿∩╕Å  Converting weights...
Input Embeddings: [[ 0.00046852  0.00660788  0.00303671  0.00329679 -0.02390136]
 [ 0.02910154 -0.02363744  0.00605381 -0.01868131 -0.02414922]
 [-0.01367984 -0.01814701 -0.02114139 -0.03526478 -0.00025533]
 [-0.0153394  -0.03209336 -0.04725987  0.00375118  0.01209958]
 [ 0.00504743 -0.02254077  0.00962767 -0.01812045 -0.02317614]]
Processing Layer: 0
After splitting heads:
Key: [[-2.0406306   0.3957187  -0.28193563 -0.89212465 -1.439834  ]
 [-0.45088595  0.03077643  1.4760901   0.2519727  -0.13170615]
 [-1.4732152  -0.39332175 -0.45740673  0.8848498   0.46847445]
 [ 0.19630991  0.19300231  1.370907   -0.30739778 -1.3305178 ]
 [ 1.056914   -0.34848294  1.7252916   0.15588963 -0.76697624]]
Query: [[ 0.25297096 -0.0871644  -0.65273935  0.48245993 -0.21604547]
 [ 0.8855647  -0.8282489  -0.20619914  0.19587606  0.27556407]
 [-0.39688408 -0.5130282  -0.41812703  1.1177319   0.67150086]
 [ 1.1220422  -2.1526217  -0.13141192 -0.3273252  -0.38881457]
 [ 1.4721185   1.525605   -0.6669291   1.0031319  -1.1765603 ]]
Value: [[-0.04408398  0.57427317  0.36576334 -0.17956975  0.9375073 ]
 [ 1.7886178   0.18050998  0.41473508  1.2999642  -3.2291963 ]
 [-0.9730169   1.1587344   1.330425    2.368918   -0.11786056]
 [ 0.00831431  0.8237567  -0.23494758 -1.494022    1.2271817 ]
 [ 0.74395084  0.545925   -0.41175443  2.614002   -2.7349799 ]]
Position Embeddings (cos, sin): [[ 1.          1.          1.          1.          1.        ]
 [ 0.5403023   0.62342024  0.6925043   0.7495638   0.79645836]
 [-0.4161468  -0.22269435 -0.04087565  0.12369185  0.2686919 ]
 [-0.9899925  -0.90108454 -0.7491174  -0.56413394 -0.36845446]
 [-0.6536436  -0.9008145  -0.9966584  -0.96940064 -0.8556093 ]] [[ 0.          0.          0.          0.          0.        ]
 [ 0.841471    0.78188694  0.7214138   0.66193205  0.60469335]
 [ 0.9092974   0.9748883   0.9991642   0.99232066  0.9632262 ]
 [ 0.14112     0.43364343  0.66243726  0.8256833   0.9296458 ]
 [-0.7568025  -0.43420422 -0.08168298  0.24548395  0.5176221 ]]
After applying rotary embeddings:
Key: [[-2.0406306   0.3957187  -0.28193563 -0.89212465 -1.439834  ]
 [ 0.25914827 -0.6086356   1.303444    0.20152499  0.14562452]
 [ 0.85323393  1.2491499  -1.0162861   1.3823459  -0.48065   ]
 [-0.3968286  -0.17207174 -0.97604114  1.8548776   1.8401681 ]
 [-3.0523646   0.7945354  -1.6421947  -0.09720227  0.52608156]]
Query: [[ 0.25297096 -0.0871644  -0.65273935  0.48245993 -0.21604547]
 [-1.1424348  -2.233058    0.70671105 -1.0545728   0.21796182]
 [ 0.33085966  1.2005867   0.32373053  1.6239921   1.3370594 ]
 [-0.8817403   1.7483234  -0.573847    2.363594    0.12661609]
 [-1.3775239  -0.77092725  0.7454313  -0.31783813  0.84974366]]
first causal (1, 1, 80, 80)
second causal (1, 1, 80, 80)
first attention_mask (1, 80)
second attention_mask (1, 1, 80, 80)
After preparing attention bias:
Key: [[-2.0406306   0.3957187  -0.28193563 -0.89212465 -1.439834  ]
 [ 0.25914827 -0.6086356   1.303444    0.20152499  0.14562452]
 [ 0.85323393  1.2491499  -1.0162861   1.3823459  -0.48065   ]
 [-0.3968286  -0.17207174 -0.97604114  1.8548776   1.8401681 ]
 [-3.0523646   0.7945354  -1.6421947  -0.09720227  0.52608156]]
Query: [[ 0.25297096 -0.0871644  -0.65273935  0.48245993 -0.21604547]
 [-1.1424348  -2.233058    0.70671105 -1.0545728   0.21796182]
 [ 0.33085966  1.2005867   0.32373053  1.6239921   1.3370594 ]
 [-0.8817403   1.7483234  -0.573847    2.363594    0.12661609]
 [-1.3775239  -0.77092725  0.7454313  -0.31783813  0.84974366]]
Value: [[-0.04408398  0.57427317  0.36576334 -0.17956975  0.9375073 ]
 [ 1.7886178   0.18050998  0.41473508  1.2999642  -3.2291963 ]
 [-0.9730169   1.1587344   1.330425    2.368918   -0.11786056]
 [ 0.00831431  0.8237567  -0.23494758 -1.494022    1.2271817 ]
 [ 0.74395084  0.545925   -0.41175443  2.614002   -2.7349799 ]]
Attention Bias: [[ 0.0000000e+00 -3.4028235e+38 -3.4028235e+38 -3.4028235e+38
  -3.4028235e+38]
 [ 0.0000000e+00  0.0000000e+00 -3.4028235e+38 -3.4028235e+38
  -3.4028235e+38]
 [ 0.0000000e+00  0.0000000e+00  0.0000000e+00 -3.4028235e+38
  -3.4028235e+38]
 [ 0.0000000e+00  0.0000000e+00  0.0000000e+00  0.0000000e+00
  -3.4028235e+38]
 [ 0.0000000e+00  0.0000000e+00  0.0000000e+00  0.0000000e+00
   0.0000000e+00]]
Attention Weights: [[1.         0.         0.         0.         0.        ]
 [0.9786775  0.02132252 0.         0.         0.        ]
 [0.14867783 0.83927304 0.01204916 0.         0.        ]
 [0.23442374 0.33786914 0.2705671  0.15714006 0.        ]
 [0.3588361  0.11925402 0.13275516 0.21184719 0.17730759]]
Attention Output: [[-0.04408398  0.57427317  0.36576334 -0.17956975  0.9375073 ]
 [-0.04408398  0.57427317  0.36576334 -0.17956975  0.9375073 ]
 [-0.04408398  0.57427317  0.36576334 -0.17956975  0.9375073 ]
 [ 1.7333523  -1.7138696  -1.0487287  -0.16315453  0.17879   ]
 [ 1.7333523  -1.7138696  -1.0487287  -0.16315453  0.17879   ]]
Final Attention Output: [[-1.2469219  -0.2510089  -1.8047637  -1.672166   -0.80549526]
 [-1.6227813  -0.33881843 -2.0010862  -0.61067224  0.44725335]
 [-0.5111877   0.81879413 -2.408147   -0.9983167  -0.5519707 ]
 [-0.41848016  1.6783553  -2.3161674  -0.6410599   0.21405385]
 [-0.6004625   0.91006714 -0.46976477 -1.1448314  -0.08628778]]
After Self Attention: [[-1.2469219  -0.2510089  -1.8047637  -1.672166   -0.80549526]
 [-1.6227813  -0.33881843 -2.0010862  -0.61067224  0.44725335]
 [-0.5111877   0.81879413 -2.408147   -0.9983167  -0.5519707 ]
 [-0.41848016  1.6783553  -2.3161674  -0.6410599   0.21405385]
 [-0.6004625   0.91006714 -0.46976477 -1.1448314  -0.08628778]]
+ Residual: [[ 0.00046852  0.00660788  0.00303671  0.00329679 -0.02390136]
 [ 0.02910154 -0.02363744  0.00605381 -0.01868131 -0.02414922]
 [-0.01367984 -0.01814701 -0.02114139 -0.03526478 -0.00025533]
 [-0.0153394  -0.03209336 -0.04725987  0.00375118  0.01209958]
 [ 0.00504743 -0.02254077  0.00962767 -0.01812045 -0.02317614]]
Input to MLP: [[-1.0182692  -0.1996593  -1.4718904  -1.3633547  -0.6775616 ]
 [-1.5702919  -0.35713667 -1.9657545  -0.6201175   0.4168949 ]
 [-0.55811435  0.8513627  -2.5831673  -1.099052   -0.5872059 ]
 [-0.5233804   1.986128   -2.85135    -0.7688793   0.27284217]
 [-0.8186025   1.2202098  -0.63261646 -1.5988767  -0.15049575]]
Output of MLP: [[ 3.952063   -2.2796566   2.4602296  -0.3744306  -4.9184103 ]
 [ 0.77947736 -3.849918    1.4849766  -0.9928704  -0.9540269 ]
 [ 0.42265406 -1.2720768   0.4053076  -1.9709908  -0.66182756]
 [ 4.943341   -2.712255   -0.7314429  -1.8560673   1.9961787 ]
 [-0.5398571  -0.5627415  -0.7895215  -3.1534657  -1.5474073 ]]
After MLP: [[ 3.952063   -2.2796566   2.4602296  -0.3744306  -4.9184103 ]
 [ 0.77947736 -3.849918    1.4849766  -0.9928704  -0.9540269 ]
 [ 0.42265406 -1.2720768   0.4053076  -1.9709908  -0.66182756]
 [ 4.943341   -2.712255   -0.7314429  -1.8560673   1.9961787 ]
 [-0.5398571  -0.5627415  -0.7895215  -3.1534657  -1.5474073 ]]
+ Residual: [[-1.2464534  -0.24440102 -1.8017269  -1.6688693  -0.8293966 ]
 [-1.5936798  -0.36245587 -1.9950324  -0.6293535   0.42310414]
 [-0.52486753  0.80064714 -2.4292884  -1.0335815  -0.55222607]
 [-0.43381956  1.6462619  -2.3634272  -0.6373087   0.22615343]
 [-0.59541506  0.8875264  -0.4601371  -1.1629518  -0.10946392]]
Processing Layer: 1
After splitting heads:
Key: [[-0.57377326 -0.9799485   1.6326745   0.5336893   0.9061343 ]
 [ 0.45417544  0.5036213   0.6416482  -0.95757407  0.7803345 ]
 [ 1.1794616  -1.0433998  -1.4520075  -0.77331746 -2.0049615 ]
 [ 0.3911435  -0.8788873   0.03523317 -2.0982199   1.931828  ]
 [ 0.02940886 -1.4580477  -0.94137955 -2.0606532   1.003835  ]]
Query: [[-0.8773632  -1.2284317  -0.6480353  -0.24489985  0.25292698]
 [-1.1897718  -0.9304255  -0.17195079 -0.31189346  0.6883726 ]
 [ 0.2154952   0.72804517 -0.75841975 -0.17788342 -0.79513   ]
 [ 0.52017623  1.38467     0.5344134  -0.01705179  1.8100176 ]
 [ 0.8706145  -0.4319361   0.18996194 -0.90752363  2.331583  ]]
Value: [[ 1.8034556   0.37320882  0.38088918  0.55455565  0.91384333]
 [ 0.74873626  1.1996726   1.3490303  -0.991929   -0.23764518]
 [ 0.60053915 -0.01839877 -0.00491498  1.6617384   0.48787037]
 [ 0.5237389   1.2288853   0.3385309   1.5749358  -0.22346184]
 [ 1.6729335   1.5864316  -0.33134806 -0.69267976 -2.266154  ]]
Position Embeddings (cos, sin): [[ 1.          1.          1.          1.          1.        ]
 [ 0.5403023   0.62342024  0.6925043   0.7495638   0.79645836]
 [-0.4161468  -0.22269435 -0.04087565  0.12369185  0.2686919 ]
 [-0.9899925  -0.90108454 -0.7491174  -0.56413394 -0.36845446]
 [-0.6536436  -0.9008145  -0.9966584  -0.96940064 -0.8556093 ]] [[ 0.          0.          0.          0.          0.        ]
 [ 0.841471    0.78188694  0.7214138   0.66193205  0.60469335]
 [ 0.9092974   0.9748883   0.9991642   0.99232066  0.9632262 ]
 [ 0.14112     0.43364343  0.66243726  0.8256833   0.9296458 ]
 [-0.7568025  -0.43420422 -0.08168298  0.24548395  0.5176221 ]]
After applying rotary embeddings:
Key: [[-0.57377326 -0.9799485   1.6326745   0.5336893   0.9061343 ]
 [ 0.664684    0.73146665  1.2129065  -0.06852627  0.93735486]
 [-1.1702466  -1.0871338   1.4882667   0.38260463  0.2589929 ]
 [-0.45491886  0.4001015   0.8133723   1.4309032   0.02338463]
 [ 0.36479554  0.8936497   1.0226016   2.4590468  -0.2874732 ]]
Query: [[-0.8773632  -1.2284317  -0.6480353  -0.24489985  0.25292698]
 [-0.83454573  0.06563139  0.7743139  -0.22831836  1.1659731 ]
 [ 0.36493292 -1.073849    0.43424895  0.09708346 -0.1395294 ]
 [-0.6665027  -1.275707   -0.05595109 -0.03291653 -0.9772233 ]
 [ 0.6311573  -0.01802468 -0.22881241  0.9049939  -1.7392669 ]]
first causal (1, 1, 80, 80)
second causal (1, 1, 80, 80)
first attention_mask (1, 80)
second attention_mask (1, 1, 80, 80)
After preparing attention bias:
Key: [[-0.57377326 -0.9799485   1.6326745   0.5336893   0.9061343 ]
 [ 0.664684    0.73146665  1.2129065  -0.06852627  0.93735486]
 [-1.1702466  -1.0871338   1.4882667   0.38260463  0.2589929 ]
 [-0.45491886  0.4001015   0.8133723   1.4309032   0.02338463]
 [ 0.36479554  0.8936497   1.0226016   2.4590468  -0.2874732 ]]
Query: [[-0.8773632  -1.2284317  -0.6480353  -0.24489985  0.25292698]
 [-0.83454573  0.06563139  0.7743139  -0.22831836  1.1659731 ]
 [ 0.36493292 -1.073849    0.43424895  0.09708346 -0.1395294 ]
 [-0.6665027  -1.275707   -0.05595109 -0.03291653 -0.9772233 ]
 [ 0.6311573  -0.01802468 -0.22881241  0.9049939  -1.7392669 ]]
Value: [[ 1.8034556   0.37320882  0.38088918  0.55455565  0.91384333]
 [ 0.74873626  1.1996726   1.3490303  -0.991929   -0.23764518]
 [ 0.60053915 -0.01839877 -0.00491498  1.6617384   0.48787037]
 [ 0.5237389   1.2288853   0.3385309   1.5749358  -0.22346184]
 [ 1.6729335   1.5864316  -0.33134806 -0.69267976 -2.266154  ]]
Attention Bias: [[ 0.0000000e+00 -3.4028235e+38 -3.4028235e+38 -3.4028235e+38
  -3.4028235e+38]
 [ 0.0000000e+00  0.0000000e+00 -3.4028235e+38 -3.4028235e+38
  -3.4028235e+38]
 [ 0.0000000e+00  0.0000000e+00  0.0000000e+00 -3.4028235e+38
  -3.4028235e+38]
 [ 0.0000000e+00  0.0000000e+00  0.0000000e+00  0.0000000e+00
  -3.4028235e+38]
 [ 0.0000000e+00  0.0000000e+00  0.0000000e+00  0.0000000e+00
   0.0000000e+00]]
Attention Weights: [[1.         0.         0.         0.         0.        ]
 [0.38338086 0.61661917 0.         0.         0.        ]
 [0.25708228 0.26758    0.4753377  0.         0.        ]
 [0.26198673 0.23497869 0.14996137 0.35307318 0.        ]
 [0.5038828  0.1451678  0.13626224 0.07517909 0.13950807]]
Attention Output: [[ 1.8034556   0.37320882  0.38088918  0.55455565  0.91384333]
 [ 1.8034556   0.37320882  0.38088918  0.55455565  0.91384333]
 [ 1.8034556   0.37320882  0.38088918  0.55455565  0.91384333]
 [-0.6669314  -0.07743861  1.0136387  -2.698997   -1.3212463 ]
 [-0.6669314  -0.07743861  1.0136387  -2.698997   -1.3212463 ]]
Final Attention Output: [[-0.0669753  -0.49275923  0.87657887 -0.52316695  0.00492534]
 [ 0.03266     0.06319468  0.30426198 -0.90020126  1.2231755 ]
 [-0.2616284  -0.17299823  0.46236482 -0.48959786  0.80610716]
 [ 0.963699    0.4878741   0.4910479  -0.63412297  0.5699829 ]
 [ 0.66311073  0.7085311   0.95428723 -1.0365949   0.3116277 ]]
After Self Attention: [[-0.0669753  -0.49275923  0.87657887 -0.52316695  0.00492534]
 [ 0.03266     0.06319468  0.30426198 -0.90020126  1.2231755 ]
 [-0.2616284  -0.17299823  0.46236482 -0.48959786  0.80610716]
 [ 0.963699    0.4878741   0.4910479  -0.63412297  0.5699829 ]
 [ 0.66311073  0.7085311   0.95428723 -1.0365949   0.3116277 ]]
+ Residual: [[ 2.7056098  -2.5240576   0.6585027  -2.0433     -5.747807  ]
 [-0.8142024  -4.2123737  -0.5100558  -1.6222239  -0.5309228 ]
 [-0.10221347 -0.4714297  -2.0239809  -3.0045724  -1.2140536 ]
 [ 4.509521   -1.0659931  -3.09487    -2.493376    2.2223322 ]
 [-1.1352721   0.32478487 -1.2496586  -4.3164177  -1.6568712 ]]
Input to MLP: [[ 0.9272757  -1.0601776   0.5394623  -0.90191436 -2.0181782 ]
 [-0.28876498 -1.5330423  -0.07603687 -0.9319879   0.25577414]
 [-0.14158745 -0.2507763  -0.607696   -1.3597409  -0.15875056]
 [ 2.093465   -0.22112612 -0.99594223 -1.1962447   1.0680393 ]
 [-0.18717322  0.40962487 -0.11709048 -2.1220298  -0.5332785 ]]
Output of MLP: [[-3.9226729e-01  3.0370867e-01 -3.0990601e-01 -9.3058789e-01
  -1.4589409e+00]
 [ 3.6427546e+00 -8.5247624e-01  1.2662113e-03  1.1369239e+00
   1.6455644e+00]
 [ 1.9709045e+00  9.6958393e-01 -3.2975039e-01  6.0867161e-01
   3.3501945e+00]
 [ 3.7581646e+00 -9.7628331e-01 -5.6503644e+00  5.5037123e-01
  -2.5414968e+00]
 [-3.9090650e+00  3.9075267e+00  1.2291414e-01  1.0521742e+00
  -8.1983429e-01]]
After MLP: [[-3.9226729e-01  3.0370867e-01 -3.0990601e-01 -9.3058789e-01
  -1.4589409e+00]
 [ 3.6427546e+00 -8.5247624e-01  1.2662113e-03  1.1369239e+00
   1.6455644e+00]
 [ 1.9709045e+00  9.6958393e-01 -3.2975039e-01  6.0867161e-01
   3.3501945e+00]
 [ 3.7581646e+00 -9.7628331e-01 -5.6503644e+00  5.5037123e-01
  -2.5414968e+00]
 [-3.9090650e+00  3.9075267e+00  1.2291414e-01  1.0521742e+00
  -8.1983429e-01]]
+ Residual: [[ 2.6386344  -3.0168169   1.5350816  -2.5664668  -5.742882  ]
 [-0.7815424  -4.149179   -0.2057938  -2.5224252   0.69225276]
 [-0.36384186 -0.64442796 -1.5616161  -3.4941702  -0.40794647]
 [ 5.47322    -0.578119   -2.6038222  -3.127499    2.792315  ]
 [-0.4721614   1.0333159  -0.29537135 -5.3530126  -1.3452435 ]]
After Normalization: [[ 0.6187892  -0.7473586   0.33748952 -0.96330625 -1.9838297 ]
 [ 0.8187328  -1.4312183  -0.05852535 -0.3964597   0.66896385]
 [ 0.46340823  0.0937611  -0.54538935 -0.83205456  0.84841865]
 [ 2.6642828  -0.44861823 -2.3822522  -0.7437885   0.07238901]
 [-1.2791127   1.4424944  -0.05034942 -1.2556431  -0.6321012 ]]
Logits: [[-0.5255467   0.00983971  1.6925951   0.68775344  3.0785804 ]
 [-1.0781103   0.7456416  -0.5558159   0.7146484   2.546564  ]
 [-1.2457867  -0.02386786  2.1600306  -0.25036475  0.4108548 ]
 [-2.1371596  -1.0075388   2.127673   -1.120986   -1.2948692 ]
 [-0.8142185   0.6087704   0.87526226  0.6313054  -1.051302  ]]
Input Embeddings: [[ 0.00461133 -0.02147676  0.03221988  0.02834436 -0.0071944 ]
 [ 0.00461133 -0.02147676  0.03221988  0.02834436 -0.0071944 ]
 [ 0.00461133 -0.02147676  0.03221988  0.02834436 -0.0071944 ]
 [ 0.00461133 -0.02147676  0.03221988  0.02834436 -0.0071944 ]
 [ 0.00461133 -0.02147676  0.03221988  0.02834436 -0.0071944 ]]
Processing Layer: 0
After splitting heads:
Key: [[-1.3543062   1.0653845   1.3659749  -0.32735032  0.14612089]
 [-1.3543062   1.0653845   1.3659749  -0.32735032  0.14612089]
 [-1.3543062   1.0653845   1.3659749  -0.32735032  0.14612089]
 [-1.3543062   1.0653845   1.3659749  -0.32735032  0.14612089]
 [-1.3543062   1.0653845   1.3659749  -0.32735032  0.14612089]]
Query: [[-0.22350027  0.04876617  0.334853   -0.26744935 -0.15049982]
 [-0.22350027  0.04876617  0.334853   -0.26744935 -0.15049982]
 [-0.22350027  0.04876617  0.334853   -0.26744935 -0.15049982]
 [-0.22350027  0.04876617  0.334853   -0.26744935 -0.15049982]
 [-0.22350027  0.04876617  0.334853   -0.26744935 -0.15049982]]
Value: [[-0.20680377  1.4368482   0.37351656  0.08793058  0.38572794]
 [-0.20680377  1.4368482   0.37351656  0.08793058  0.38572794]
 [-0.20680377  1.4368482   0.37351656  0.08793058  0.38572794]
 [-0.20680377  1.4368482   0.37351656  0.08793058  0.38572794]
 [-0.20680377  1.4368482   0.37351656  0.08793058  0.38572794]]
Position Embeddings (cos, sin): [[ 1.          1.          1.          1.          1.        ]
 [ 0.5403023   0.62342024  0.6925043   0.7495638   0.79645836]
 [-0.4161468  -0.22269435 -0.04087565  0.12369185  0.2686919 ]
 [-0.9899925  -0.90108454 -0.7491174  -0.56413394 -0.36845446]
 [-0.6536436  -0.9008145  -0.9966584  -0.96940064 -0.8556093 ]] [[ 0.          0.          0.          0.          0.        ]
 [ 0.841471    0.78188694  0.7214138   0.66193205  0.60469335]
 [ 0.9092974   0.9748883   0.9991642   0.99232066  0.9632262 ]
 [ 0.14112     0.43364343  0.66243726  0.8256833   0.9296458 ]
 [-0.7568025  -0.43420422 -0.08168298  0.24548395  0.5176221 ]]
After applying rotary embeddings:
Key: [[-1.3543062   1.0653845   1.3659749  -0.32735032  0.14612089]
 [-2.8666449  -0.5902502   2.5459123  -0.52422285  1.7904603 ]
 [-1.7434032  -1.8013322   2.1601353  -0.4585267   2.7059333 ]
 [ 0.9827151  -1.655724    0.44589376 -0.16316716  2.5198662 ]
 [ 2.8053298  -0.2630915  -1.5425688   0.2139183   1.3080037 ]]
Query: [[-0.22350027  0.04876617  0.334853   -0.26744935 -0.15049982]
 [-0.20759642  0.04036449  0.07686998  0.1463278   0.04089605]
 [-0.0008294   0.00156192 -0.2283874   0.48681337  0.21564382]
 [ 0.20670019 -0.03841702 -0.39318848  0.5834676   0.30260658]
 [ 0.22419056 -0.04946183 -0.31618202  0.38787904  0.2663833 ]]
first causal (1, 1, 100, 100)
second causal (1, 1, 100, 100)
first attention_mask (1, 100)
second attention_mask (1, 1, 100, 100)
After preparing attention bias:
Key: [[-1.3543062   1.0653845   1.3659749  -0.32735032  0.14612089]
 [-2.8666449  -0.5902502   2.5459123  -0.52422285  1.7904603 ]
 [-1.7434032  -1.8013322   2.1601353  -0.4585267   2.7059333 ]
 [ 0.9827151  -1.655724    0.44589376 -0.16316716  2.5198662 ]
 [ 2.8053298  -0.2630915  -1.5425688   0.2139183   1.3080037 ]]
Query: [[-0.22350027  0.04876617  0.334853   -0.26744935 -0.15049982]
 [-0.20759642  0.04036449  0.07686998  0.1463278   0.04089605]
 [-0.0008294   0.00156192 -0.2283874   0.48681337  0.21564382]
 [ 0.20670019 -0.03841702 -0.39318848  0.5834676   0.30260658]
 [ 0.22419056 -0.04946183 -0.31618202  0.38787904  0.2663833 ]]
Value: [[-0.20680377  1.4368482   0.37351656  0.08793058  0.38572794]
 [-0.20680377  1.4368482   0.37351656  0.08793058  0.38572794]
 [-0.20680377  1.4368482   0.37351656  0.08793058  0.38572794]
 [-0.20680377  1.4368482   0.37351656  0.08793058  0.38572794]
 [-0.20680377  1.4368482   0.37351656  0.08793058  0.38572794]]
Attention Bias: [[ 0.0000000e+00 -3.4028235e+38 -3.4028235e+38 -3.4028235e+38
  -3.4028235e+38]
 [ 0.0000000e+00  0.0000000e+00 -3.4028235e+38 -3.4028235e+38
  -3.4028235e+38]
 [ 0.0000000e+00  0.0000000e+00  0.0000000e+00 -3.4028235e+38
  -3.4028235e+38]
 [ 0.0000000e+00  0.0000000e+00  0.0000000e+00  0.0000000e+00
  -3.4028235e+38]
 [ 0.0000000e+00  0.0000000e+00  0.0000000e+00  0.0000000e+00
   0.0000000e+00]]
Attention Weights: [[1.         0.         0.         0.         0.        ]
 [0.48357606 0.51642394 0.         0.         0.        ]
 [0.31440958 0.33153513 0.35405532 0.         0.        ]
 [0.24485831 0.23742373 0.250356   0.267362   0.        ]
 [0.21795571 0.19149002 0.18567589 0.19578946 0.2090889 ]]
Attention Output: [[-0.20680377  1.4368482   0.37351656  0.08793058  0.38572794]
 [-0.20680377  1.4368482   0.37351656  0.08793058  0.38572794]
 [-0.20680377  1.4368482   0.37351656  0.08793058  0.38572794]
 [ 1.168696   -1.3132114   0.16099674  1.4869471   1.0107589 ]
 [ 1.168696   -1.3132114   0.16099674  1.4869471   1.0107589 ]]
Final Attention Output: [[ 1.2316363  -1.504898    0.86089414  0.33968478  0.8818464 ]
 [ 1.2316362  -1.504898    0.86089414  0.33968478  0.8818464 ]
 [ 1.2316362  -1.5048978   0.86089414  0.3396849   0.8818464 ]
 [ 1.2316363  -1.504898    0.86089414  0.33968502  0.8818462 ]
 [ 1.2316362  -1.5048981   0.8608941   0.3396852   0.8818463 ]]
After Self Attention: [[ 1.2316363  -1.504898    0.86089414  0.33968478  0.8818464 ]
 [ 1.2316362  -1.504898    0.86089414  0.33968478  0.8818464 ]
 [ 1.2316362  -1.5048978   0.86089414  0.3396849   0.8818464 ]
 [ 1.2316363  -1.504898    0.86089414  0.33968502  0.8818462 ]
 [ 1.2316362  -1.5048981   0.8608941   0.3396852   0.8818463 ]]
+ Residual: [[ 0.00461133 -0.02147676  0.03221988  0.02834436 -0.0071944 ]
 [ 0.00461133 -0.02147676  0.03221988  0.02834436 -0.0071944 ]
 [ 0.00461133 -0.02147676  0.03221988  0.02834436 -0.0071944 ]
 [ 0.00461133 -0.02147676  0.03221988  0.02834436 -0.0071944 ]
 [ 0.00461133 -0.02147676  0.03221988  0.02834436 -0.0071944 ]]
Input to MLP: [[ 1.0158578  -1.254263    0.7338957   0.30241942  0.718725  ]
 [ 1.0158577  -1.254263    0.7338957   0.30241942  0.718725  ]
 [ 1.0158577  -1.2542629   0.7338957   0.3024195   0.718725  ]
 [ 1.0158578  -1.254263    0.7338957   0.3024196   0.71872485]
 [ 1.0158577  -1.2542632   0.7338957   0.30241975  0.7187249 ]]
Output of MLP: [[ 1.6048326   0.774644   -4.852298    1.0730286   2.9647007 ]
 [ 1.6048336   0.774645   -4.852298    1.073029    2.9647007 ]
 [ 1.6048336   0.77464575 -4.852296    1.0730288   2.9647012 ]
 [ 1.6048324   0.774644   -4.852298    1.073028    2.9647024 ]
 [ 1.6048331   0.7746434  -4.852298    1.0730273   2.9646997 ]]
After MLP: [[ 1.6048326   0.774644   -4.852298    1.0730286   2.9647007 ]
 [ 1.6048336   0.774645   -4.852298    1.073029    2.9647007 ]
 [ 1.6048336   0.77464575 -4.852296    1.0730288   2.9647012 ]
 [ 1.6048324   0.774644   -4.852298    1.073028    2.9647024 ]
 [ 1.6048331   0.7746434  -4.852298    1.0730273   2.9646997 ]]
+ Residual: [[ 1.2362477  -1.5263747   0.89311403  0.36802915  0.874652  ]
 [ 1.2362475  -1.5263747   0.89311403  0.36802915  0.874652  ]
 [ 1.2362475  -1.5263746   0.89311403  0.36802927  0.874652  ]
 [ 1.2362477  -1.5263747   0.89311403  0.3680294   0.8746518 ]
 [ 1.2362475  -1.5263748   0.893114    0.36802956  0.8746519 ]]
Processing Layer: 1
After splitting heads:
Key: [[-1.2495658   0.27948803  0.86975384 -2.2371418   1.9209425 ]
 [-1.2495662   0.27948827  0.869753   -2.237142    1.920943  ]
 [-1.2495663   0.2794876   0.86975425 -2.2371418   1.9209433 ]
 [-1.2495666   0.2794877   0.8697541  -2.2371423   1.920943  ]
 [-1.2495661   0.27948868  0.86975473 -2.237142    1.920943  ]]
Query: [[-0.11623853 -0.41623703  0.5589877   0.67483354  0.14954229]
 [-0.11623889 -0.41623625  0.5589879   0.6748343   0.14954129]
 [-0.11623874 -0.41623607  0.55898803  0.6748335   0.14954218]
 [-0.11623982 -0.41623664  0.5589881   0.67483306  0.14954181]
 [-0.11623913 -0.41623688  0.558988    0.6748335   0.1495422 ]]
Value: [[ 0.19322258 -0.41364598  0.60708386  0.13242847 -0.07281691]
 [ 0.1932232  -0.41364655  0.60708386  0.13242877 -0.07281744]
 [ 0.19322194 -0.41364536  0.60708356  0.13242804 -0.07281601]
 [ 0.19322239 -0.4136462   0.6070835   0.13242933 -0.07281685]
 [ 0.19322163 -0.41364616  0.6070837   0.13242753 -0.07281727]]
Position Embeddings (cos, sin): [[ 1.          1.          1.          1.          1.        ]
 [ 0.5403023   0.62342024  0.6925043   0.7495638   0.79645836]
 [-0.4161468  -0.22269435 -0.04087565  0.12369185  0.2686919 ]
 [-0.9899925  -0.90108454 -0.7491174  -0.56413394 -0.36845446]
 [-0.6536436  -0.9008145  -0.9966584  -0.96940064 -0.8556093 ]] [[ 0.          0.          0.          0.          0.        ]
 [ 0.841471    0.78188694  0.7214138   0.66193205  0.60469335]
 [ 0.9092974   0.9748883   0.9991642   0.99232066  0.9632262 ]
 [ 0.14112     0.43364343  0.66243726  0.8256833   0.9296458 ]
 [-0.7568025  -0.43420422 -0.08168298  0.24548395  0.5176221 ]]
After applying rotary embeddings:
Key: [[-1.2495658   0.27948803  0.86975384 -2.2371418   1.9209425 ]
 [-1.85865     0.24006715  0.10207111 -2.44079     1.9557791 ]
 [-0.75889987  0.01983741 -0.7283835  -1.4219131   1.1944501 ]
 [ 1.0385802  -0.21533272 -1.1108888   0.30915982 -0.05311787]
 [ 1.8811927  -0.28832382 -0.81020844  1.8853838  -1.2790647 ]]
Query: [[-0.11623853 -0.41623703  0.5589877   0.67483354  0.14954229]
 [-0.39710504 -0.6798048  -0.24736935  0.6743352  -0.09494815]
 [-0.31287596 -0.43137214 -0.9015958   0.33607924 -0.3007856 ]
 [ 0.05901205  0.14195308 -1.0013499  -0.17050703 -0.384179  ]
 [ 0.37664267  0.60836524 -0.4852813  -0.59169286 -0.31117982]]
first causal (1, 1, 100, 100)
second causal (1, 1, 100, 100)
first attention_mask (1, 100)
second attention_mask (1, 1, 100, 100)
After preparing attention bias:
Key: [[-1.2495658   0.27948803  0.86975384 -2.2371418   1.9209425 ]
 [-1.85865     0.24006715  0.10207111 -2.44079     1.9557791 ]
 [-0.75889987  0.01983741 -0.7283835  -1.4219131   1.1944501 ]
 [ 1.0385802  -0.21533272 -1.1108888   0.30915982 -0.05311787]
 [ 1.8811927  -0.28832382 -0.81020844  1.8853838  -1.2790647 ]]
Query: [[-0.11623853 -0.41623703  0.5589877   0.67483354  0.14954229]
 [-0.39710504 -0.6798048  -0.24736935  0.6743352  -0.09494815]
 [-0.31287596 -0.43137214 -0.9015958   0.33607924 -0.3007856 ]
 [ 0.05901205  0.14195308 -1.0013499  -0.17050703 -0.384179  ]
 [ 0.37664267  0.60836524 -0.4852813  -0.59169286 -0.31117982]]
Value: [[ 0.19322258 -0.41364598  0.60708386  0.13242847 -0.07281691]
 [ 0.1932232  -0.41364655  0.60708386  0.13242877 -0.07281744]
 [ 0.19322194 -0.41364536  0.60708356  0.13242804 -0.07281601]
 [ 0.19322239 -0.4136462   0.6070835   0.13242933 -0.07281685]
 [ 0.19322163 -0.41364616  0.6070837   0.13242753 -0.07281727]]
Attention Bias: [[ 0.0000000e+00 -3.4028235e+38 -3.4028235e+38 -3.4028235e+38
  -3.4028235e+38]
 [ 0.0000000e+00  0.0000000e+00 -3.4028235e+38 -3.4028235e+38
  -3.4028235e+38]
 [ 0.0000000e+00  0.0000000e+00  0.0000000e+00 -3.4028235e+38
  -3.4028235e+38]
 [ 0.0000000e+00  0.0000000e+00  0.0000000e+00  0.0000000e+00
  -3.4028235e+38]
 [ 0.0000000e+00  0.0000000e+00  0.0000000e+00  0.0000000e+00
   0.0000000e+00]]
Attention Weights: [[1.         0.         0.         0.         0.        ]
 [0.5394431  0.46055692 0.         0.         0.        ]
 [0.40408036 0.32146466 0.27445507 0.         0.        ]
 [0.3475624  0.2636369  0.20973574 0.17906497 0.        ]
 [0.3140482  0.23841101 0.18084234 0.14386857 0.12282996]]
Attention Output: [[ 0.19322258 -0.41364598  0.60708386  0.13242847 -0.07281691]
 [ 0.19322258 -0.41364598  0.60708386  0.13242847 -0.07281691]
 [ 0.19322258 -0.41364598  0.60708386  0.13242847 -0.07281691]
 [-1.7923077   0.73564357 -0.6773164  -0.25446245  0.82829124]
 [-1.7923077   0.73564357 -0.6773164  -0.25446245  0.82829124]]
Final Attention Output: [[-0.07463643  0.15668184  1.6223812  -0.6132324   2.1247034 ]
 [-0.074636    0.1566824   1.622382   -0.6132323   2.1247034 ]
 [-0.07463571  0.15668246  1.622382   -0.61323285  2.124704  ]
 [-0.07463613  0.15668255  1.6223823  -0.6132329   2.1247041 ]
 [-0.07463609  0.15668231  1.6223829  -0.6132331   2.1247044 ]]
After Self Attention: [[-0.07463643  0.15668184  1.6223812  -0.6132324   2.1247034 ]
 [-0.074636    0.1566824   1.622382   -0.6132323   2.1247034 ]
 [-0.07463571  0.15668246  1.622382   -0.61323285  2.124704  ]
 [-0.07463613  0.15668255  1.6223823  -0.6132329   2.1247041 ]
 [-0.07463609  0.15668231  1.6223829  -0.6132331   2.1247044 ]]
+ Residual: [[ 2.8410802  -0.7517307  -3.9591837   1.4410577   3.8393526 ]
 [ 2.8410811  -0.7517297  -3.9591837   1.4410582   3.8393526 ]
 [ 2.8410811  -0.75172883 -3.9591818   1.441058    3.839353  ]
 [ 2.8410802  -0.7517307  -3.9591837   1.4410573   3.839354  ]
 [ 2.8410807  -0.7517314  -3.9591837   1.4410568   3.8393517 ]]
Input to MLP: [[ 0.9699558  -0.20863287 -0.8193173   0.2902477   2.0910857 ]
 [ 0.96995634 -0.20863235 -0.8193169   0.29024792  2.0910857 ]
 [ 0.9699564  -0.208632   -0.81931627  0.29024768  2.091086  ]
 [ 0.9699559  -0.20863262 -0.8193169   0.2902474   2.0910864 ]
 [ 0.96995616 -0.20863295 -0.8193167   0.29024717  2.0910857 ]]
Output of MLP: [[ 1.7818365   0.58686185  2.7170606  -0.7298093  -0.42487246]
 [ 1.7818372   0.58686006  2.7170625  -0.72980493 -0.42487097]
 [ 1.7818353   0.58686006  2.7170584  -0.72980547 -0.42487013]
 [ 1.7818311   0.5868591   2.7170618  -0.7298065  -0.42486748]
 [ 1.7818356   0.58686054  2.7170627  -0.72980565 -0.42486766]]
After MLP: [[ 1.7818365   0.58686185  2.7170606  -0.7298093  -0.42487246]
 [ 1.7818372   0.58686006  2.7170625  -0.72980493 -0.42487097]
 [ 1.7818353   0.58686006  2.7170584  -0.72980547 -0.42487013]
 [ 1.7818311   0.5868591   2.7170618  -0.7298065  -0.42486748]
 [ 1.7818356   0.58686054  2.7170627  -0.72980565 -0.42486766]]
+ Residual: [[ 2.7664437  -0.59504884 -2.3368025   0.8278253   5.964056  ]
 [ 2.7664452  -0.59504735 -2.3368015   0.82782584  5.964056  ]
 [ 2.7664454  -0.5950464  -2.3367996   0.8278252   5.964057  ]
 [ 2.766444   -0.5950481  -2.3368015   0.8278244   5.964058  ]
 [ 2.7664447  -0.5950491  -2.3368008   0.82782376  5.964056  ]]
After Normalization: [[ 1.2291241  -0.00221245  0.10276067  0.02648778  1.4969051 ]
 [ 1.2291248  -0.00221253  0.10276145  0.0264891   1.4969056 ]
 [ 1.2291242  -0.00221227  0.10276087  0.02648878  1.496906  ]
 [ 1.2291226  -0.002213    0.10276126  0.0264883   1.496907  ]
 [ 1.2291241  -0.00221287  0.10276171  0.02648835  1.4969064 ]]
Logits: [[ 0.9358634   0.03685361 -2.1479352   2.000845    1.3257122 ]
 [ 0.9358636   0.03685383 -2.1479347   2.0008452   1.3257129 ]
 [ 0.9358628   0.03685267 -2.1479342   2.0008457   1.3257121 ]
 [ 0.9358632   0.03685306 -2.1479342   2.000845    1.3257134 ]
 [ 0.9358622   0.03685361 -2.1479347   2.000846    1.3257139 ]]
