≡ƒöä Preparing inputs for Flax model...
Attention mask shape: (1, 100)
Γ£ì∩╕Å Generating Flax Model output...
Initial pass for loading cache into model...
Input Embeddings: [[ 0.00811768  0.01855469 -0.02355957 -0.0402832  -0.015625  ]
 [ 0.02258301 -0.02038574 -0.03393555  0.03051758  0.00107574]
 [ 0.02832031 -0.02612305 -0.05834961 -0.00836182 -0.01177979]
 [-0.0008812   0.00294495  0.02062988  0.0480957  -0.0168457 ]
 [ 0.00653076  0.07958984  0.07128906  0.03857422  0.03759766]]
Processing Layer: 0
After splitting heads:
Key: [[-0.5235454   0.94829047  0.09962852 -0.34766498 -1.004601  ]
 [-0.01100351  1.0838581  -0.0301999  -0.61444086 -0.48792562]
 [ 2.646295    1.651495   -0.2755557  -2.5119917  -1.6232187 ]
 [-0.4606764   1.1652838  -0.0045033  -0.44112787 -0.5294153 ]
 [ 2.3490837   0.8932528  -0.2655558  -1.5879891  -1.6588749 ]]
Query: [[ 1.2550161   0.43317604 -0.7627022  -0.6433578  -0.5325264 ]
 [ 0.7328461   0.24119894  0.20457155 -0.49341524  0.23929513]
 [ 1.1865913   0.51053965  0.1486673  -0.6340068  -0.40559742]
 [ 0.44246477 -0.08473593  0.14300495  0.04664363  0.3713282 ]
 [ 0.7756578   0.520078    0.32041505 -0.49907076 -1.0150429 ]]
Value: [[-0.0086463  -0.00802097  0.0028149   0.00394865  0.01621166]
 [ 0.00596379 -0.00103219  0.00024112 -0.00405223  0.00370434]
 [ 0.02702971  0.02298634 -0.00381298  0.00481964  0.07446295]
 [-0.01326262 -0.00428154  0.02002781  0.00356472 -0.00275465]
 [-0.01471494  0.00847674 -0.0012339  -0.00600279 -0.00017791]]
Position Embeddings (cos, sin): [[ 1.          1.          1.          1.          1.        ]
 [ 0.5403023   0.62342024  0.6925043   0.7495638   0.79645836]
 [-0.4161468  -0.22269435 -0.04087565  0.12369185  0.2686919 ]
 [-0.9899925  -0.90108454 -0.7491174  -0.56413394 -0.36845446]
 [-0.6536436  -0.9008145  -0.9966584  -0.96940064 -0.8556093 ]] [[ 0.          0.          0.          0.          0.        ]
 [ 0.841471    0.78188694  0.7214138   0.66193205  0.60469335]
 [ 0.9092974   0.9748883   0.9991642   0.99232066  0.9632262 ]
 [ 0.14112     0.43364343  0.66243726  0.8256833   0.9296458 ]
 [-0.7568025  -0.43420422 -0.08168298  0.24548395  0.5176221 ]]
After applying rotary embeddings:
Key: [[-0.5235454   0.94829047  0.09962852 -0.34766498 -1.004601  ]
 [ 0.4673321   0.6531818   0.29954186 -0.5924259  -0.13142833]
 [-1.102276    0.6347286  -1.8175727  -0.01162603 -1.0346551 ]
 [ 0.5819839  -1.1085202   0.57704896  0.21239331  0.9391506 ]
 [-1.9051143  -1.1454301   0.46399736  1.4405429   1.0803161 ]]
Query: [[ 1.2550161   0.43317604 -0.7627022  -0.6433578  -0.5325264 ]
 [ 0.67754483  0.2021477   0.4074546  -0.07029295 -0.21578564]
 [-0.36043474  0.1312554  -0.5791455   0.22114953 -1.0107778 ]
 [-0.4295881   0.21997443 -0.07651395 -0.17331804 -1.0579414 ]
 [-0.6165431  -0.5164553  -0.28560495  0.53019905  0.48610514]]
dict_keys(['cached_key', 'cached_value', 'cache_index'])
(1, 100, 4, 256)
0
first causal (1, 1, 80, 100)
second causal (1, 1, 80, 100)
first attention_mask (1, 100)
second attention_mask (1, 1, 80, 100)
After preparing attention bias:
Key: [[-0.5235454   0.94829047  0.09962852 -0.34766498 -1.004601  ]
 [ 0.4673321   0.6531818   0.29954186 -0.5924259  -0.13142833]
 [-1.102276    0.6347286  -1.8175727  -0.01162603 -1.0346551 ]
 [ 0.5819839  -1.1085202   0.57704896  0.21239331  0.9391506 ]
 [-1.9051143  -1.1454301   0.46399736  1.4405429   1.0803161 ]]
Query: [[ 1.2550161   0.43317604 -0.7627022  -0.6433578  -0.5325264 ]
 [ 0.67754483  0.2021477   0.4074546  -0.07029295 -0.21578564]
 [-0.36043474  0.1312554  -0.5791455   0.22114953 -1.0107778 ]
 [-0.4295881   0.21997443 -0.07651395 -0.17331804 -1.0579414 ]
 [-0.6165431  -0.5164553  -0.28560495  0.53019905  0.48610514]]
Value: [[-0.0086463  -0.00802097  0.0028149   0.00394865  0.01621166]
 [ 0.00596379 -0.00103219  0.00024112 -0.00405223  0.00370434]
 [ 0.02702971  0.02298634 -0.00381298  0.00481964  0.07446295]
 [-0.01326262 -0.00428154  0.02002781  0.00356472 -0.00275465]
 [-0.01471494  0.00847674 -0.0012339  -0.00600279 -0.00017791]]
Attention Bias: [[ 0.0000000e+00 -3.4028235e+38 -3.4028235e+38 -3.4028235e+38
  -3.4028235e+38]
 [ 0.0000000e+00  0.0000000e+00 -3.4028235e+38 -3.4028235e+38
  -3.4028235e+38]
 [ 0.0000000e+00  0.0000000e+00  0.0000000e+00 -3.4028235e+38
  -3.4028235e+38]
 [ 0.0000000e+00  0.0000000e+00  0.0000000e+00  0.0000000e+00
  -3.4028235e+38]
 [ 0.0000000e+00  0.0000000e+00  0.0000000e+00  0.0000000e+00
   0.0000000e+00]]
Attention Weights: [[1.         0.         0.         0.         0.        ]
 [0.34401202 0.655988   0.         0.         0.        ]
 [0.26758748 0.6037663  0.12864622 0.         0.        ]
 [0.2164712  0.33298713 0.06208624 0.38845548 0.        ]
 [0.18117574 0.2508444  0.07532    0.3286454  0.16401444]]
Attention Output: [[-0.0086463  -0.00802097  0.0028149   0.00394865  0.01621166]
 [-0.0086463  -0.00802097  0.0028149   0.00394865  0.01621166]
 [-0.0086463  -0.00802097  0.0028149   0.00394865  0.01621166]
 [-0.00797625 -0.8240292  -0.00104591 -0.00933294  0.00546202]
 [-0.00797625 -0.8240292  -0.00104591 -0.00933294  0.00546202]]
Final Attention Output: [[ 0.05927364  0.00115329 -0.01539669 -0.05323095  0.02540567]
 [ 0.06913167  0.0017336   0.01403824 -0.05385094 -0.00061595]
 [ 0.04942678  0.0137705   0.00772504 -0.02563272  0.00189147]
 [ 0.03732504 -0.01212664 -0.027615    0.02485854  0.00902252]
 [ 0.05755656  0.03087522  0.01785873  0.01310918 -0.00767191]]
After Self Attention: [[ 0.05927364  0.00115329 -0.01539669 -0.05323095  0.02540567]
 [ 0.06913167  0.0017336   0.01403824 -0.05385094 -0.00061595]
 [ 0.04942678  0.0137705   0.00772504 -0.02563272  0.00189147]
 [ 0.03732504 -0.01212664 -0.027615    0.02485854  0.00902252]
 [ 0.05755656  0.03087522  0.01785873  0.01310918 -0.00767191]]
+ Residual: [[ 0.00811768  0.01855469 -0.02355957 -0.0402832  -0.015625  ]
 [ 0.02258301 -0.02038574 -0.03393555  0.03051758  0.00107574]
 [ 0.02832031 -0.02612305 -0.05834961 -0.00836182 -0.01177979]
 [-0.0008812   0.00294495  0.02062988  0.0480957  -0.0168457 ]
 [ 0.00653076  0.07958984  0.07128906  0.03857422  0.03759766]]
Input to MLP: [[ 0.08479805  0.02519362 -0.0492137  -0.11860585  0.01235599]
 [ 0.11735013 -0.02424598 -0.02556029 -0.03009323  0.00059066]
 [ 0.11038513 -0.01781761 -0.072163   -0.04864995 -0.01409534]
 [ 0.04766347 -0.01219974 -0.00917196  0.09617427 -0.0102724 ]
 [ 0.1385989   0.2427052   0.19356422  0.11266409  0.06497697]]
Output of MLP: [[-1.0943369   0.38502795 -0.7472621  -0.717787    1.2890562 ]
 [-0.10842599 -0.2666363  -0.4579918   0.9804611   0.8080118 ]
 [ 1.1554098  -0.3999447   0.28302684  0.17465954 -0.4007962 ]
 [ 0.26520106 -0.20322543 -0.3106891   1.1298085   0.14580661]
 [ 3.322448   -1.7574186   0.6701073  -0.84589326  1.1039454 ]]
After MLP: [[-1.0943369   0.38502795 -0.7472621  -0.717787    1.2890562 ]
 [-0.10842599 -0.2666363  -0.4579918   0.9804611   0.8080118 ]
 [ 1.1554098  -0.3999447   0.28302684  0.17465954 -0.4007962 ]
 [ 0.26520106 -0.20322543 -0.3106891   1.1298085   0.14580661]
 [ 3.322448   -1.7574186   0.6701073  -0.84589326  1.1039454 ]]
+ Residual: [[ 0.06739131  0.01970798 -0.03895626 -0.09351416  0.00978067]
 [ 0.09171468 -0.01865214 -0.01989731 -0.02333336  0.0004598 ]
 [ 0.07774709 -0.01235255 -0.05062457 -0.03399454 -0.00988831]
 [ 0.03644384 -0.00918169 -0.00698512  0.07295424 -0.00782319]
 [ 0.06408732  0.11046506  0.08914779  0.0516834   0.02992574]]
Processing Layer: 1
After splitting heads:
Key: [[ 0.23551019 -0.58787084  0.8931058   0.03546891 -0.61331457]
 [ 0.4828322  -2.284764    1.837802   -2.6484938  -0.06352946]
 [ 0.84929395 -2.1938663  -0.02415451 -0.83209014  0.662349  ]
 [ 0.5134679  -1.0417161   0.06262566 -0.15241015 -0.3102026 ]
 [-0.2725311  -2.5525067  -2.4327877   1.2086701   1.8910966 ]]
Query: [[ 0.4202823  -0.23980798 -0.48198712 -1.0116843   0.5176886 ]
 [ 1.9715596   0.7403385  -2.2827845  -1.4436762   1.0433393 ]
 [ 0.8221475  -0.49850568 -0.8791436  -1.4976152   0.3116199 ]
 [ 0.0396235  -1.0841653  -1.2644119  -1.0221689   0.22415201]
 [ 1.0803405  -1.2344034  -1.7383475  -1.4486197   0.12556244]]
Value: [[-0.30203187 -0.01090051 -0.02799009  0.11312769  0.03193391]
 [ 0.02440363  0.03492991  0.15970358  0.09944703  0.44947106]
 [-0.00216836  0.47415504 -0.43547857  0.22922125  0.39244246]
 [ 0.34359306  0.13954903  0.16874264  0.27897012  0.09575688]
 [-0.45459837  0.30241638  0.13337684 -0.95822626  0.28070697]]
Position Embeddings (cos, sin): [[ 1.          1.          1.          1.          1.        ]
 [ 0.5403023   0.62342024  0.6925043   0.7495638   0.79645836]
 [-0.4161468  -0.22269435 -0.04087565  0.12369185  0.2686919 ]
 [-0.9899925  -0.90108454 -0.7491174  -0.56413394 -0.36845446]
 [-0.6536436  -0.9008145  -0.9966584  -0.96940064 -0.8556093 ]] [[ 0.          0.          0.          0.          0.        ]
 [ 0.841471    0.78188694  0.7214138   0.66193205  0.60469335]
 [ 0.9092974   0.9748883   0.9991642   0.99232066  0.9632262 ]
 [ 0.14112     0.43364343  0.66243726  0.8256833   0.9296458 ]
 [-0.7568025  -0.43420422 -0.08168298  0.24548395  0.5176221 ]]
After applying rotary embeddings:
Key: [[ 0.23551019 -0.58787084  0.8931058   0.03546891 -0.61331457]
 [-3.4842038  -2.5823421   2.6251893  -0.6500144  -1.0098015 ]
 [-5.1299706   2.9024794   1.653559    1.867208    0.20626378]
 [-0.9040756   0.9786203   0.1259701   0.93264747  0.6661249 ]
 [ 3.4317875   2.6850042   2.2295992  -0.7157977  -0.76062685]]
Query: [[ 0.4202823  -0.23980798 -0.48198712 -1.0116843   0.5176886 ]
 [ 0.9495679  -1.5188376  -1.0319448  -1.6331892   1.162191  ]
 [-0.66606456 -0.4128702   0.2575108   0.03934562  0.98127085]
 [-0.23691629  0.27826846  1.4542203   1.2603104   0.07771903]
 [ 0.60475147  1.4618211   1.7911732   1.6736498   0.47273764]]
dict_keys(['cached_key', 'cached_value', 'cache_index'])
(1, 100, 4, 256)
0
first causal (1, 1, 80, 100)
second causal (1, 1, 80, 100)
first attention_mask (1, 100)
second attention_mask (1, 1, 80, 100)
After preparing attention bias:
Key: [[ 0.23551019 -0.58787084  0.8931058   0.03546891 -0.61331457]
 [-3.4842038  -2.5823421   2.6251893  -0.6500144  -1.0098015 ]
 [-5.1299706   2.9024794   1.653559    1.867208    0.20626378]
 [-0.9040756   0.9786203   0.1259701   0.93264747  0.6661249 ]
 [ 3.4317875   2.6850042   2.2295992  -0.7157977  -0.76062685]]
Query: [[ 0.4202823  -0.23980798 -0.48198712 -1.0116843   0.5176886 ]
 [ 0.9495679  -1.5188376  -1.0319448  -1.6331892   1.162191  ]
 [-0.66606456 -0.4128702   0.2575108   0.03934562  0.98127085]
 [-0.23691629  0.27826846  1.4542203   1.2603104   0.07771903]
 [ 0.60475147  1.4618211   1.7911732   1.6736498   0.47273764]]
Value: [[-0.30203187 -0.01090051 -0.02799009  0.11312769  0.03193391]
 [ 0.02440363  0.03492991  0.15970358  0.09944703  0.44947106]
 [-0.00216836  0.47415504 -0.43547857  0.22922125  0.39244246]
 [ 0.34359306  0.13954903  0.16874264  0.27897012  0.09575688]
 [-0.45459837  0.30241638  0.13337684 -0.95822626  0.28070697]]
Attention Bias: [[ 0.0000000e+00 -3.4028235e+38 -3.4028235e+38 -3.4028235e+38
  -3.4028235e+38]
 [ 0.0000000e+00  0.0000000e+00 -3.4028235e+38 -3.4028235e+38
  -3.4028235e+38]
 [ 0.0000000e+00  0.0000000e+00  0.0000000e+00 -3.4028235e+38
  -3.4028235e+38]
 [ 0.0000000e+00  0.0000000e+00  0.0000000e+00  0.0000000e+00
  -3.4028235e+38]
 [ 0.0000000e+00  0.0000000e+00  0.0000000e+00  0.0000000e+00
   0.0000000e+00]]
Attention Weights: [[1.         0.         0.         0.         0.        ]
 [0.5383969  0.46160308 0.         0.         0.        ]
 [0.3603704  0.5889417  0.05068794 0.         0.        ]
 [0.3218068  0.27178088 0.24117249 0.16523978 0.        ]
 [0.30895573 0.07301778 0.28288403 0.30227312 0.03286937]]
Attention Output: [[-0.30203187 -0.01090051 -0.02799009  0.11312769  0.03193391]
 [-0.30203187 -0.01090051 -0.02799009  0.11312769  0.03193391]
 [-0.30203187 -0.01090051 -0.02799009  0.11312769  0.03193391]
 [ 0.24747288 -0.12175517 -0.26705816  0.28019693  0.12145656]
 [ 0.24747288 -0.12175517 -0.26705816  0.28019693  0.12145656]]
Final Attention Output: [[ 0.14762968  0.40272877 -0.0210859   0.27905828 -0.12004467]
 [-0.1960702  -0.85490483 -0.929158    0.9823864  -0.8589875 ]
 [ 0.03389818 -0.1556706   0.5126525  -0.04103465 -0.14530087]
 [-0.33106393 -0.11343044  1.0354142   0.62651783  0.68982196]
 [-0.50324935 -0.787737   -0.21939439  0.42932305  0.19344097]]
After Self Attention: [[ 0.14762968  0.40272877 -0.0210859   0.27905828 -0.12004467]
 [-0.1960702  -0.85490483 -0.929158    0.9823864  -0.8589875 ]
 [ 0.03389818 -0.1556706   0.5126525  -0.04103465 -0.14530087]
 [-0.33106393 -0.11343044  1.0354142   0.62651783  0.68982196]
 [-0.50324935 -0.787737   -0.21939439  0.42932305  0.19344097]]
+ Residual: [[-1.0269456   0.40473592 -0.7862184  -0.8113012   1.2988368 ]
 [-0.01671131 -0.28528845 -0.47788912  0.95712775  0.80847156]
 [ 1.2331569  -0.41229725  0.23240227  0.140665   -0.41068453]
 [ 0.3016449  -0.21240713 -0.31767422  1.2027628   0.13798343]
 [ 3.3865354  -1.6469536   0.7592551  -0.79420984  1.1338711 ]]
Input to MLP: [[-0.15805835  0.13546678 -0.16148601 -0.08782148  0.21297625]
 [-0.04002525 -0.20017757 -0.29453295  0.33489722 -0.00955103]
 [ 0.20972341 -0.08774289  0.13723494  0.01513775 -0.09249882]
 [-0.00579614 -0.05991674  0.15736297  0.33083317  0.16393058]
 [ 0.30141655 -0.23755266  0.06280385 -0.03501515  0.13946778]]
Output of MLP: [[  6.550164    -4.723336    -2.518082   -15.906555    -1.7304906 ]
 [-10.125937    -5.2477107   -9.662063     6.083562     0.10077731]
 [ -0.27088076  -0.6301604   -0.35666382   0.93568075  -0.07572903]
 [ -0.18465656  -1.8438089   -0.756073     1.0446509   -1.2021182 ]
 [  0.22565348   0.13403794  -0.18103202   0.7495795   -0.22466786]]
After MLP: [[  6.550164    -4.723336    -2.518082   -15.906555    -1.7304906 ]
 [-10.125937    -5.2477107   -9.662063     6.083562     0.10077731]
 [ -0.27088076  -0.6301604   -0.35666382   0.93568075  -0.07572903]
 [ -0.18465656  -1.8438089   -0.756073     1.0446509   -1.2021182 ]
 [  0.22565348   0.13403794  -0.18103202   0.7495795   -0.22466786]]
+ Residual: [[-0.8793159   0.8074647  -0.8073043  -0.5322429   1.1787921 ]
 [-0.2127815  -1.1401932  -1.407047    1.9395142  -0.05051595]
 [ 1.2670552  -0.56796783  0.7450548   0.09963034 -0.5559854 ]
 [-0.02941903 -0.32583755  0.71774     1.8292806   0.8278054 ]
 [ 2.883286   -2.4346905   0.5398607  -0.3648868   1.327312  ]]
After Normalization: [[ 9.9108674e-02 -6.8437174e-02 -6.3347898e-02 -2.7293381e-01
  -9.7865909e-03]
 [-2.6395240e-01 -1.6308621e-01 -3.0803359e-01  1.9459127e-01
   1.3024443e-03]
 [ 9.8535997e-01 -1.1851214e+00  4.1875032e-01  9.7286820e-01
  -6.3422936e-01]
 [-2.2812083e-01 -2.3119943e+00 -4.4524297e-02  2.9093621e+00
  -4.0485403e-01]
 [ 2.5043330e+00 -1.8532366e+00  3.1506020e-01  2.9438615e-01
   9.0153217e-01]]
Logits: [[-1.3525678  -1.0192302  -2.4701962  -1.5845639  -0.6050341 ]
 [-2.171803   -1.4677082  -3.1390538  -0.7835495  -1.6591153 ]
 [-0.53895575 -5.6220613   0.65872514 -0.8712019  -1.288141  ]
 [-0.13283752 -3.8661442   1.7436322  -0.87409604 -2.0278094 ]
 [-0.6090933   2.2657335   1.3959188   0.14053982  0.03621707]]
Auto-regressive generation to predict next tokens...
------ 1 ------
Input Embeddings: [[-0.01348877 -0.00485229 -0.02819824  0.02856445 -0.0559082 ]]
Processing Layer: 0
After splitting heads:
Key: [[ 1.0981593  1.1201552  0.5083575 -1.0628755 -0.8306268]]
Query: [[ 0.8525859   0.4490218   0.59686124 -0.6200282  -0.68661743]]
Value: [[-0.02237592  0.00380371 -0.01823273  0.02423215  0.0381276 ]]
Position Embeddings (cos, sin): [[ 0.77668595 -0.897821   -0.7646698  -0.45769733 -0.6914998 ]] [[-0.629888   -0.44036052  0.64442235  0.88910806  0.7223766 ]]
After applying rotary embeddings:
Key: [[ 0.4078673  -1.3536937  -0.76556855  0.74444354 -0.01882911]]
Query: [[ 0.39248186 -0.6040596  -0.731364    0.47065514 -0.3001764 ]]
dict_keys(['cached_key', 'cached_value', 'cache_index'])
(1, 100, 4, 256)
80
first causal (1, 1, 1, 100)
second causal (1, 1, 1, 100)
first attention_mask (1, 100)
second attention_mask (1, 1, 1, 100)
After preparing attention bias:
Key: [[-0.5235454   0.94829047  0.09962852 -0.34766498 -1.004601  ]
 [ 0.4673321   0.6531818   0.29954186 -0.5924259  -0.13142833]
 [-1.102276    0.6347286  -1.8175727  -0.01162603 -1.0346551 ]
 [ 0.5819839  -1.1085202   0.57704896  0.21239331  0.9391506 ]
 [-1.9051143  -1.1454301   0.46399736  1.4405429   1.0803161 ]]
Query: [[ 0.39248186 -0.6040596  -0.731364    0.47065514 -0.3001764 ]]
Value: [[-0.0086463  -0.00802097  0.0028149   0.00394865  0.01621166]
 [ 0.00596379 -0.00103219  0.00024112 -0.00405223  0.00370434]
 [ 0.02702971  0.02298634 -0.00381298  0.00481964  0.07446295]
 [-0.01326262 -0.00428154  0.02002781  0.00356472 -0.00275465]
 [-0.01471494  0.00847674 -0.0012339  -0.00600279 -0.00017791]]
Attention Bias: [[0. 0. 0. 0. 0.]]
Attention Weights: [[0.01203384 0.01252934 0.0008643  0.02262838 0.00139148]]
Attention Output: [[-5.1618959e-03 -2.6662587e-03 -1.0057108e-04  8.7873836e-05
   3.5562392e-03]
 [-5.4980107e-03 -3.2355292e-03  5.1368959e-04  1.5272689e-04
   3.6563152e-03]
 [-6.4426539e-03 -3.4602515e-03  1.1337112e-03  1.5428422e-03
   5.1169787e-03]
 [-5.0228657e-03  2.1162268e-02 -8.0606714e-03  3.6191181e-03
   1.8493941e-03]
 [ 3.4665084e-03 -1.9334224e-01 -9.1201849e-03  1.1065789e-03
  -3.3414215e-03]]
Final Attention Output: [[ 0.02405212  0.02934182 -0.01372399 -0.03303697  0.01724271]]
After Self Attention: [[ 0.02405212  0.02934182 -0.01372399 -0.03303697  0.01724271]]
+ Residual: [[-0.01348877 -0.00485229 -0.02819824  0.02856445 -0.0559082 ]]
Input to MLP: [[ 0.02110087  0.04969877 -0.08407563 -0.00900529 -0.07754419]]
Output of MLP: [[-0.37703443  0.9057654  -0.34145755 -1.2508354   0.17946678]]
After MLP: [[-0.37703443  0.9057654  -0.34145755 -1.2508354   0.17946678]]
+ Residual: [[ 0.01056335  0.02448952 -0.04192224 -0.00447252 -0.0386655 ]]
Processing Layer: 1
After splitting heads:
Key: [[-0.48223454 -2.4472487  -1.4024931   1.3985666   1.0692434 ]]
Query: [[-0.11291641 -0.60116273 -0.41847807 -1.4802746  -0.40038294]]
Value: [[-0.563196   -0.55360395  0.70545363 -0.47910598 -0.44341937]]
Position Embeddings (cos, sin): [[ 0.77668595 -0.897821   -0.7646698  -0.45769733 -0.6914998 ]] [[-0.629888   -0.44036052  0.64442235  0.88910806  0.7223766 ]]
After applying rotary embeddings:
Key: [[2.9170647 2.0051332 2.5353882 1.5653706 0.8189528]]
Query: [[ 0.5808618   0.49357033 -0.08997336  1.8294861   0.8208082 ]]
dict_keys(['cached_key', 'cached_value', 'cache_index'])
(1, 100, 4, 256)
80
first causal (1, 1, 1, 100)
second causal (1, 1, 1, 100)
first attention_mask (1, 100)
second attention_mask (1, 1, 1, 100)
After preparing attention bias:
Key: [[ 0.23551019 -0.58787084  0.8931058   0.03546891 -0.61331457]
 [-3.4842038  -2.5823421   2.6251893  -0.6500144  -1.0098015 ]
 [-5.1299706   2.9024794   1.653559    1.867208    0.20626378]
 [-0.9040756   0.9786203   0.1259701   0.93264747  0.6661249 ]
 [ 3.4317875   2.6850042   2.2295992  -0.7157977  -0.76062685]]
Query: [[ 0.5808618   0.49357033 -0.08997336  1.8294861   0.8208082 ]]
Value: [[-0.30203187 -0.01090051 -0.02799009  0.11312769  0.03193391]
 [ 0.02440363  0.03492991  0.15970358  0.09944703  0.44947106]
 [-0.00216836  0.47415504 -0.43547857  0.22922125  0.39244246]
 [ 0.34359306  0.13954903  0.16874264  0.27897012  0.09575688]
 [-0.45459837  0.30241638  0.13337684 -0.95822626  0.28070697]]
Attention Bias: [[0. 0. 0. 0. 0.]]
Attention Weights: [[1.7928245e-02 6.3495192e-04 5.1991653e-04 2.4841826e-03 7.3947696e-05]]
Attention Output: [[-0.0322898  -0.03971122  0.00374671  0.00525623 -0.00796618]
 [-0.07935171 -0.08352907  0.08727661 -0.11958819  0.03112405]
 [-0.13036475 -0.11461969  0.07930994 -0.0689992  -0.04397996]
 [-0.05267075  0.06829073 -0.05580099 -0.2072941  -0.00702137]
 [ 0.05637766 -0.09390269  0.04383484 -0.08153517  0.05252012]]
Final Attention Output: [[-0.22750284 -0.03383423 -0.63080263  0.15418227 -0.08359199]]
After Self Attention: [[-0.22750284 -0.03383423 -0.63080263  0.15418227 -0.08359199]]
+ Residual: [[-0.36647108  0.93025494 -0.3833798  -1.2553079   0.14080128]]
Input to MLP: [[-0.0900628   0.12686059 -0.17112729 -0.15326159  0.00871899]]
Output of MLP: [[-0.2606755   0.5847912   0.49572963  0.43710762 -0.78294384]]
After MLP: [[-0.2606755   0.5847912   0.49572963  0.43710762 -0.78294384]]
+ Residual: [[-0.59397393  0.8964207  -1.0141824  -1.1011256   0.05720929]]
After Normalization: [[-0.96415913  1.6710056  -0.6375239  -0.71164626 -0.83100677]]
Logits: [[ 0.46908963  3.0521185  -1.8551089  -3.6861374  -1.5710881 ]]
------ 2 ------
Input Embeddings: [[ 0.02844238  0.02880859  0.08056641  0.00108337 -0.10400391]]
Processing Layer: 0
After splitting heads:
Key: [[ 1.720802   1.2499348  0.3738758 -1.7438674 -0.8839011]]
Query: [[ 0.62076133  0.0900705   0.05692858 -0.5077767   0.06392407]]
Value: [[-0.03157755  0.02079082 -0.00742843  0.00165826 -0.01999173]]
Position Embeddings (cos, sin): [[ 0.9496777  -0.21540476 -0.99443245 -0.93160355 -0.9875676 ]] [[ 0.3132288  -0.97652483 -0.10537592  0.363476    0.1571948 ]]
After applying rotary embeddings:
Key: [[ 1.8229504  -1.1268898  -0.20483825  1.7844205   0.72150075]]
Query: [[ 7.4090898e-01 -4.2566532e-01 -3.2173097e-04  5.4681730e-01
  -1.9783360e-01]]
dict_keys(['cached_key', 'cached_value', 'cache_index'])
(1, 100, 4, 256)
81
first causal (1, 1, 1, 100)
second causal (1, 1, 1, 100)
first attention_mask (1, 100)
second attention_mask (1, 1, 1, 100)
After preparing attention bias:
Key: [[-0.5235454   0.94829047  0.09962852 -0.34766498 -1.004601  ]
 [ 0.4673321   0.6531818   0.29954186 -0.5924259  -0.13142833]
 [-1.102276    0.6347286  -1.8175727  -0.01162603 -1.0346551 ]
 [ 0.5819839  -1.1085202   0.57704896  0.21239331  0.9391506 ]
 [-1.9051143  -1.1454301   0.46399736  1.4405429   1.0803161 ]]
Query: [[ 7.4090898e-01 -4.2566532e-01 -3.2173097e-04  5.4681730e-01
  -1.9783360e-01]]
Value: [[-0.0086463  -0.00802097  0.0028149   0.00394865  0.01621166]
 [ 0.00596379 -0.00103219  0.00024112 -0.00405223  0.00370434]
 [ 0.02702971  0.02298634 -0.00381298  0.00481964  0.07446295]
 [-0.01326262 -0.00428154  0.02002781  0.00356472 -0.00275465]
 [-0.01471494  0.00847674 -0.0012339  -0.00600279 -0.00017791]]
Attention Bias: [[0. 0. 0. 0. 0.]]
Attention Weights: [[0.00539214 0.00908582 0.0010949  0.01610563 0.00334859]]
Attention Output: [[-6.5414719e-03 -2.7513544e-03 -5.1257131e-04  7.4741314e-04
   3.2028519e-03]
 [-6.1853817e-03 -2.6166735e-03  1.3650481e-03  2.1444386e-04
   2.9108860e-03]
 [-7.1444111e-03 -2.9723125e-03  7.2123460e-04  1.1235805e-03
   4.3109460e-03]
 [-3.4633426e-03 -1.9896406e-01 -3.6424396e-03 -1.2365857e-03
  -2.1649785e-03]
 [ 8.2918908e-05 -1.3772127e-01 -8.3292592e-03  8.6181215e-04
   1.0627385e-03]]
Final Attention Output: [[ 0.00541916  0.01423441 -0.00351641 -0.03093275  0.00429747]]
After Self Attention: [[ 0.00541916  0.01423441 -0.00351641 -0.03093275  0.00429747]]
+ Residual: [[ 0.02844238  0.02880859  0.08056641  0.00108337 -0.10400391]]
Input to MLP: [[ 0.05900702  0.07620192  0.134802   -0.05242988 -0.17444034]]
Output of MLP: [[-1.2228998   0.10759759  0.09253994 -0.23516157  0.7291193 ]]
After MLP: [[-1.2228998   0.10759759  0.09253994 -0.23516157  0.7291193 ]]
+ Residual: [[ 0.03386154  0.043043    0.07705    -0.02984937 -0.09970644]]
Processing Layer: 1
After splitting heads:
Key: [[-1.9051402 -0.7804228  1.084457   1.0663766  1.738724 ]]
Query: [[ 1.366441   -3.4659822  -0.4437692  -0.67145425 -2.5853512 ]]
Value: [[ 0.25167337 -0.09523878 -0.02515323 -0.30260724  0.13286081]]
Position Embeddings (cos, sin): [[ 0.9496777  -0.21540476 -0.99443245 -0.93160355 -0.9875676 ]] [[ 0.3132288  -0.97652483 -0.10537592  0.363476    0.1571948 ]]
After applying rotary embeddings:
Key: [[-3.6150327   0.02362648 -1.2375971  -0.48854023 -1.302541  ]]
Query: [[0.8261869  3.670277   0.44516468 0.91584045 2.6931946 ]]
dict_keys(['cached_key', 'cached_value', 'cache_index'])
(1, 100, 4, 256)
81
first causal (1, 1, 1, 100)
second causal (1, 1, 1, 100)
first attention_mask (1, 100)
second attention_mask (1, 1, 1, 100)
After preparing attention bias:
Key: [[ 0.23551019 -0.58787084  0.8931058   0.03546891 -0.61331457]
 [-3.4842038  -2.5823421   2.6251893  -0.6500144  -1.0098015 ]
 [-5.1299706   2.9024794   1.653559    1.867208    0.20626378]
 [-0.9040756   0.9786203   0.1259701   0.93264747  0.6661249 ]
 [ 3.4317875   2.6850042   2.2295992  -0.7157977  -0.76062685]]
Query: [[0.8261869  3.670277   0.44516468 0.91584045 2.6931946 ]]
Value: [[-0.30203187 -0.01090051 -0.02799009  0.11312769  0.03193391]
 [ 0.02440363  0.03492991  0.15970358  0.09944703  0.44947106]
 [-0.00216836  0.47415504 -0.43547857  0.22922125  0.39244246]
 [ 0.34359306  0.13954903  0.16874264  0.27897012  0.09575688]
 [-0.45459837  0.30241638  0.13337684 -0.95822626  0.28070697]]
Attention Bias: [[0. 0. 0. 0. 0.]]
Attention Weights: [[0.02913141 0.00041252 0.00053268 0.00269568 0.00085465]]
Attention Output: [[-1.9029871e-01 -1.8281606e-01  2.0154630e-01 -1.3724154e-01
  -7.6029390e-02]
 [-1.1533618e-01 -8.3663046e-02  7.4561715e-02 -5.5006005e-02
   3.0395575e-04]
 [-5.3186446e-01 -5.3104341e-01  6.7152137e-01 -4.6321422e-01
  -4.1834992e-01]
 [ 3.5361171e-02  1.6037880e-02 -1.0537752e-02 -1.2956265e-01
   2.4201933e-02]
 [ 6.1450463e-02 -7.8944430e-02  4.3451935e-02 -7.8547463e-02
   5.5207655e-02]]
Final Attention Output: [[-0.25308624 -0.12251274 -0.01115425 -0.90072155 -0.65868133]]
After Self Attention: [[-0.25308624 -0.12251274 -0.01115425 -0.90072155 -0.65868133]]
+ Residual: [[-1.1890383   0.15064059  0.16958994 -0.26501095  0.6294129 ]]
Input to MLP: [[-0.283842    0.00516711  0.03470181 -0.21061595 -0.00579022]]
Output of MLP: [[-0.46909475  1.2686588   1.1393253   1.2527772  -0.7554917 ]]
After MLP: [[-0.46909475  1.2686588   1.1393253   1.2527772  -0.7554917 ]]
+ Residual: [[-1.4421245   0.02812786  0.15843569 -1.1657325  -0.02926844]]
After Normalization: [[-2.2475963   1.5250229   1.6635237   0.09724647 -0.9367221 ]]
Logits: [[-0.670426   3.7036455  2.3275568  1.0484064  4.681256 ]]
------ 3 ------
Input Embeddings: [[-0.00579834  0.01409912 -0.09179688  0.05053711 -0.01373291]]
Processing Layer: 0
After splitting heads:
Key: [[ 1.3425539   0.5658813   0.0892278  -0.86597466 -0.22817127]]
Query: [[-0.2670495  -0.19883876 -0.04883423  0.21524562  0.08944223]]
Value: [[ 0.05943781  0.00689946 -0.0306535  -0.01014057  0.03122318]]
Position Embeddings (cos, sin): [[ 0.2495401   0.6292466  -0.6126308  -0.9388931  -0.88161165]] [[ 0.9683645  -0.7772057  -0.7903692  -0.34420893 -0.4719755 ]]
After applying rotary embeddings:
Key: [[0.51755273 0.10864018 0.97422415 0.71047676 0.55008215]]
Query: [[-0.39840943  0.14836332  0.01636807 -0.2165136  -0.14057234]]
dict_keys(['cached_key', 'cached_value', 'cache_index'])
(1, 100, 4, 256)
82
first causal (1, 1, 1, 100)
second causal (1, 1, 1, 100)
first attention_mask (1, 100)
second attention_mask (1, 1, 1, 100)
After preparing attention bias:
Key: [[-0.5235454   0.94829047  0.09962852 -0.34766498 -1.004601  ]
 [ 0.4673321   0.6531818   0.29954186 -0.5924259  -0.13142833]
 [-1.102276    0.6347286  -1.8175727  -0.01162603 -1.0346551 ]
 [ 0.5819839  -1.1085202   0.57704896  0.21239331  0.9391506 ]
 [-1.9051143  -1.1454301   0.46399736  1.4405429   1.0803161 ]]
Query: [[-0.39840943  0.14836332  0.01636807 -0.2165136  -0.14057234]]
Value: [[-0.0086463  -0.00802097  0.0028149   0.00394865  0.01621166]
 [ 0.00596379 -0.00103219  0.00024112 -0.00405223  0.00370434]
 [ 0.02702971  0.02298634 -0.00381298  0.00481964  0.07446295]
 [-0.01326262 -0.00428154  0.02002781  0.00356472 -0.00275465]
 [-0.01471494  0.00847674 -0.0012339  -0.00600279 -0.00017791]]
Attention Bias: [[0. 0. 0. 0. 0.]]
Attention Weights: [[0.00685976 0.01025447 0.00390412 0.01520508 0.00488413]]
Attention Output: [[-4.3959776e-03 -3.6781298e-03 -2.1715593e-03 -1.3889215e-04
   3.3475361e-03]
 [-5.3625936e-03 -2.7124104e-03 -7.3577388e-04  2.7509674e-04
   3.2916481e-03]
 [-4.1138064e-03 -3.4847071e-03 -6.2634499e-04 -2.4781073e-04
   3.3280205e-03]
 [ 1.0169699e-03  9.4782330e-02 -9.9121993e-03  1.5142388e-03
  -6.8699708e-05]
 [-2.2086478e-03 -1.0405727e-01 -7.6320013e-03  1.4676074e-03
   2.4772924e-03]]
Final Attention Output: [[ 0.02370149  0.00261897  0.00275263 -0.02428764  0.01025015]]
After Self Attention: [[ 0.02370149  0.00261897  0.00275263 -0.02428764  0.01025015]]
+ Residual: [[-0.00579834  0.01409912 -0.09179688  0.05053711 -0.01373291]]
Input to MLP: [[ 0.05734944  0.05440678 -0.2863733   0.08475535 -0.01120082]]
Output of MLP: [[ 1.202069    1.4591534  -1.760791   -0.776621   -0.07179567]]
After MLP: [[ 1.202069    1.4591534  -1.760791   -0.776621   -0.07179567]]
+ Residual: [[ 0.01790315  0.01671809 -0.08904424  0.02624946 -0.00348276]]
Processing Layer: 1
After splitting heads:
Key: [[-0.6497522 -2.2120023 -0.7121952  1.2773938 -0.535662 ]]
Query: [[ 1.2608436 -1.4824435 -1.3550999 -1.743318  -1.2234634]]
Value: [[ 0.926148   -0.40284845 -0.21448585  0.2846527  -0.32389176]]
Position Embeddings (cos, sin): [[ 0.2495401   0.6292466  -0.6126308  -0.9388931  -0.88161165]] [[ 0.9683645  -0.7772057  -0.7903692  -0.34420893 -0.4719755 ]]
After applying rotary embeddings:
Key: [[-5.681741   -1.2749484  -1.7089474  -1.8612119  -0.34658352]]
Query: [[-1.6174548   0.14105558  0.6160018   1.4569838   0.74786365]]
dict_keys(['cached_key', 'cached_value', 'cache_index'])
(1, 100, 4, 256)
82
first causal (1, 1, 1, 100)
second causal (1, 1, 1, 100)
first attention_mask (1, 100)
second attention_mask (1, 1, 1, 100)
After preparing attention bias:
Key: [[ 0.23551019 -0.58787084  0.8931058   0.03546891 -0.61331457]
 [-3.4842038  -2.5823421   2.6251893  -0.6500144  -1.0098015 ]
 [-5.1299706   2.9024794   1.653559    1.867208    0.20626378]
 [-0.9040756   0.9786203   0.1259701   0.93264747  0.6661249 ]
 [ 3.4317875   2.6850042   2.2295992  -0.7157977  -0.76062685]]
Query: [[-1.6174548   0.14105558  0.6160018   1.4569838   0.74786365]]
Value: [[-0.30203187 -0.01090051 -0.02799009  0.11312769  0.03193391]
 [ 0.02440363  0.03492991  0.15970358  0.09944703  0.44947106]
 [-0.00216836  0.47415504 -0.43547857  0.22922125  0.39244246]
 [ 0.34359306  0.13954903  0.16874264  0.27897012  0.09575688]
 [-0.45459837  0.30241638  0.13337684 -0.95822626  0.28070697]]
Attention Bias: [[0. 0. 0. 0. 0.]]
Attention Weights: [[0.02968787 0.00034523 0.00047882 0.00255954 0.0006112 ]]
Attention Output: [[-0.1717227  -0.22665122  0.21893592 -0.17450903 -0.11749703]
 [-0.1365032  -0.10359475  0.10149726 -0.0817326  -0.02610629]
 [ 0.17299171 -0.20783156  0.05689567 -0.17136042 -0.05156159]
 [-0.00781297  0.0108633  -0.01721857 -0.13511491  0.15873349]
 [ 0.0238793  -0.10213082 -0.00645351 -0.07000779  0.08022641]]
Final Attention Output: [[ 0.01624189 -0.59753853 -0.770655   -0.40546775 -0.2547377 ]]
After Self Attention: [[ 0.01624189 -0.59753853 -0.770655   -0.40546775 -0.2547377 ]]
+ Residual: [[ 1.2199721   1.4758716  -1.8498352  -0.7503715  -0.07527843]]
Input to MLP: [[ 0.11971206  0.07938533 -0.28239164 -0.10274485 -0.03212187]]
Output of MLP: [[ 0.8711221  -0.19347848 -0.11279809 -0.78565484  0.06156649]]
After MLP: [[ 0.8711221  -0.19347848 -0.11279809 -0.78565484  0.06156649]]
+ Residual: [[ 1.236214    0.87833303 -2.62049    -1.1558392  -0.33001614]]
After Normalization: [[ 1.4829966   0.48195305 -2.096613   -1.2979741  -0.19174993]]
Logits: [[ 1.9410688  5.551869   5.2389984 -1.3726953 -2.8388345]]
------ 4 ------
Input Embeddings: [[-0.04272461 -0.01544189 -0.08447266  0.01043701 -0.01757812]]
Processing Layer: 0
After splitting heads:
Key: [[ 1.7686983  1.1419084  0.3290996 -0.9511482 -0.9557298]]
Query: [[ 0.7235782   0.39311194 -0.14256649 -0.02006756 -0.33967158]]
Value: [[-0.00213574  0.03677164  0.00121599  0.03134212 -0.01530648]]
Position Embeddings (cos, sin): [[-0.6800235   0.9999721   0.14593168 -0.4759182  -0.4167675 ]] [[ 0.7331903   0.0074693  -0.98929465 -0.87948954 -0.9090131 ]]
After applying rotary embeddings:
Key: [[-0.7683918   1.1469257   1.3411248   0.20925301  1.3684725 ]]
Query: [[-0.6062527   0.39099517  0.16472834 -0.5388368   0.47025746]]
dict_keys(['cached_key', 'cached_value', 'cache_index'])
(1, 100, 4, 256)
83
first causal (1, 1, 1, 100)
second causal (1, 1, 1, 100)
first attention_mask (1, 100)
second attention_mask (1, 1, 1, 100)
After preparing attention bias:
Key: [[-0.5235454   0.94829047  0.09962852 -0.34766498 -1.004601  ]
 [ 0.4673321   0.6531818   0.29954186 -0.5924259  -0.13142833]
 [-1.102276    0.6347286  -1.8175727  -0.01162603 -1.0346551 ]
 [ 0.5819839  -1.1085202   0.57704896  0.21239331  0.9391506 ]
 [-1.9051143  -1.1454301   0.46399736  1.4405429   1.0803161 ]]
Query: [[-0.6062527   0.39099517  0.16472834 -0.5388368   0.47025746]]
Value: [[-0.0086463  -0.00802097  0.0028149   0.00394865  0.01621166]
 [ 0.00596379 -0.00103219  0.00024112 -0.00405223  0.00370434]
 [ 0.02702971  0.02298634 -0.00381298  0.00481964  0.07446295]
 [-0.01326262 -0.00428154  0.02002781  0.00356472 -0.00275465]
 [-0.01471494  0.00847674 -0.0012339  -0.00600279 -0.00017791]]
Attention Bias: [[0. 0. 0. 0. 0.]]
Attention Weights: [[0.00766941 0.01038474 0.00131368 0.02097583 0.00174744]]
Attention Output: [[-0.00553644 -0.00222031  0.0002775   0.00102783  0.00376057]
 [-0.00577846 -0.00223167  0.00051525  0.00028514  0.00243252]
 [-0.0063176  -0.00169427  0.00036035  0.00126634  0.00352604]
 [-0.00554561  0.02342478 -0.00833044  0.00445597  0.00445983]
 [ 0.00092323 -0.14702965 -0.00849849  0.00159692  0.00073684]]
Final Attention Output: [[ 0.04257032 -0.0034753  -0.00585113 -0.00236859 -0.00697436]]
After Self Attention: [[ 0.04257032 -0.0034753  -0.00585113 -0.00236859 -0.00697436]]
+ Residual: [[-0.04272461 -0.01544189 -0.08447266  0.01043701 -0.01757812]]
Input to MLP: [[-0.00034541 -0.04302365 -0.20300789  0.0182062  -0.05518311]]
Output of MLP: [[-0.17935741  0.5040122  -0.3205774   0.2444796   0.21190841]]
After MLP: [[-0.17935741  0.5040122  -0.3205774   0.2444796   0.21190841]]
+ Residual: [[-0.00015429 -0.0189172  -0.09032378  0.00806842 -0.02455248]]
Processing Layer: 1
After splitting heads:
Key: [[-1.765538  -3.4029317 -1.6745263  1.1051763  0.7711301]]
Query: [[ 0.612305   -1.8428831  -1.8282958  -1.7323186   0.47788706]]
Value: [[-0.06685697  0.50636154 -0.23585753  0.66704565  0.20492908]]
Position Embeddings (cos, sin): [[-0.6800235   0.9999721   0.14593168 -0.4759182  -0.4167675 ]] [[ 0.7331903   0.0074693  -0.98929465 -0.87948954 -0.9090131 ]]
After applying rotary embeddings:
Key: [[-2.661288   -3.396565   -3.6008508  -2.4016385  -0.99767065]]
Query: [[-2.641292   -1.8545303  -0.16352278 -0.94335634 -1.8492105 ]]
dict_keys(['cached_key', 'cached_value', 'cache_index'])
(1, 100, 4, 256)
83
first causal (1, 1, 1, 100)
second causal (1, 1, 1, 100)
first attention_mask (1, 100)
second attention_mask (1, 1, 1, 100)
After preparing attention bias:
Key: [[ 0.23551019 -0.58787084  0.8931058   0.03546891 -0.61331457]
 [-3.4842038  -2.5823421   2.6251893  -0.6500144  -1.0098015 ]
 [-5.1299706   2.9024794   1.653559    1.867208    0.20626378]
 [-0.9040756   0.9786203   0.1259701   0.93264747  0.6661249 ]
 [ 3.4317875   2.6850042   2.2295992  -0.7157977  -0.76062685]]
Query: [[-2.641292   -1.8545303  -0.16352278 -0.94335634 -1.8492105 ]]
Value: [[-0.30203187 -0.01090051 -0.02799009  0.11312769  0.03193391]
 [ 0.02440363  0.03492991  0.15970358  0.09944703  0.44947106]
 [-0.00216836  0.47415504 -0.43547857  0.22922125  0.39244246]
 [ 0.34359306  0.13954903  0.16874264  0.27897012  0.09575688]
 [-0.45459837  0.30241638  0.13337684 -0.95822626  0.28070697]]
Attention Bias: [[0. 0. 0. 0. 0.]]
Attention Weights: [[0.06203317 0.00112879 0.00018646 0.004471   0.0008508 ]]
Attention Output: [[ 0.43563467 -0.21992972 -0.11296155  0.15692943 -0.14644134]
 [ 0.09617764 -0.10865428  0.0032032  -0.02717026 -0.0296097 ]
 [ 0.35661617 -0.17482449 -0.11947595  0.16271694 -0.12457562]
 [ 0.00409294  0.04858986 -0.04384398 -0.18700689  0.053292  ]
 [ 0.03350194 -0.10327865  0.0028086  -0.05564991  0.08524017]]
Final Attention Output: [[-0.32127684 -0.043602   -0.2711266   0.50754076  0.29976147]]
After Self Attention: [[-0.32127684 -0.043602   -0.2711266   0.50754076  0.29976147]]
+ Residual: [[-0.1795117   0.48509502 -0.4109012   0.252548    0.18735594]]
Input to MLP: [[-0.08466823  0.06966693 -0.12831968  0.11796381  0.08277919]]
Output of MLP: [[ 1.3229048  -0.1240592   0.45181468 -0.09969603  0.502843  ]]
After MLP: [[ 1.3229048  -0.1240592   0.45181468 -0.09969603  0.502843  ]]
+ Residual: [[-0.50078857  0.44149303 -0.6820278   0.7600888   0.4871174 ]]
After Normalization: [[ 0.9263171   0.35766765 -0.28273726  0.7068908   1.1321666 ]]
Logits: [[-1.0702122  2.8492     1.6109549 -0.9336832 -7.339255 ]]
------ 5 ------
Input Embeddings: [[-0.1328125  -0.01000977  0.03710938 -0.03466797 -0.01428223]]
Processing Layer: 0
After splitting heads:
Key: [[ 1.2692535   1.1558236   0.41543013 -0.70532143 -0.64709365]]
Query: [[ 0.54739255  0.22887443 -0.08513773 -0.05426311 -0.33893245]]
Value: [[ 0.04396034  0.00248908 -0.02012863  0.00570276 -0.03486619]]
Position Embeddings (cos, sin): [[-0.98437667  0.6175604   0.8147523   0.22543034  0.21773519]] [[-0.17607561  0.78652346 -0.5798092  -0.9742593  -0.9760079 ]]
After applying rotary embeddings:
Key: [[-1.3820165  1.4356244  0.9633708 -0.63626    1.1764935]]
Query: [[-0.5371155   0.41626614  0.28813085  0.02253683  0.5517274 ]]
dict_keys(['cached_key', 'cached_value', 'cache_index'])
(1, 100, 4, 256)
84
first causal (1, 1, 1, 100)
second causal (1, 1, 1, 100)
first attention_mask (1, 100)
second attention_mask (1, 1, 1, 100)
After preparing attention bias:
Key: [[-0.5235454   0.94829047  0.09962852 -0.34766498 -1.004601  ]
 [ 0.4673321   0.6531818   0.29954186 -0.5924259  -0.13142833]
 [-1.102276    0.6347286  -1.8175727  -0.01162603 -1.0346551 ]
 [ 0.5819839  -1.1085202   0.57704896  0.21239331  0.9391506 ]
 [-1.9051143  -1.1454301   0.46399736  1.4405429   1.0803161 ]]
Query: [[-0.5371155   0.41626614  0.28813085  0.02253683  0.5517274 ]]
Value: [[-0.0086463  -0.00802097  0.0028149   0.00394865  0.01621166]
 [ 0.00596379 -0.00103219  0.00024112 -0.00405223  0.00370434]
 [ 0.02702971  0.02298634 -0.00381298  0.00481964  0.07446295]
 [-0.01326262 -0.00428154  0.02002781  0.00356472 -0.00275465]
 [-0.01471494  0.00847674 -0.0012339  -0.00600279 -0.00017791]]
Attention Bias: [[0. 0. 0. 0. 0.]]
Attention Weights: [[0.00461766 0.00909744 0.00114166 0.01617221 0.00274555]]
Attention Output: [[-2.9833626e-03 -1.6485024e-03 -1.2726228e-03  1.2201479e-03
   2.4837281e-03]
 [-5.4869610e-03 -1.8325716e-03  1.1047677e-03  4.9196504e-04
   1.9998562e-03]
 [-4.7468985e-03 -2.3202552e-04 -8.1115932e-04  2.0647137e-03
   1.6307989e-03]
 [-4.6889693e-03  4.0448755e-02 -7.0885476e-03  1.3714572e-03
  -9.2308549e-04]
 [ 1.0582851e-04 -1.2166171e-01 -7.7494797e-03  5.6880759e-04
  -4.8242486e-04]]
Final Attention Output: [[-0.00087473  0.00971813 -0.00161053  0.0103161  -0.01875709]]
After Self Attention: [[-0.00087473  0.00971813 -0.00161053  0.0103161  -0.01875709]]
+ Residual: [[-0.1328125  -0.01000977  0.03710938 -0.03466797 -0.01428223]]
Input to MLP: [[-0.2691867  -0.00059659  0.07176369 -0.04942456 -0.06679156]]
Output of MLP: [[ 0.86999094  0.25081435  1.2402577   1.2851605  -0.03956772]]
After MLP: [[ 0.86999094  0.25081435  1.2402577   1.2851605  -0.03956772]]
+ Residual: [[-0.13368723 -0.00029164  0.03549885 -0.02435187 -0.03303932]]
Processing Layer: 1
After splitting heads:
Key: [[-2.5530345  -0.9050087  -0.38585424  1.1668257   2.4933465 ]]
Query: [[ 1.8819722 -4.283911  -1.109509  -1.0978156 -2.5173976]]
Value: [[ 0.0024599   0.25924492  0.09124727 -0.20354486  0.04288274]]
Position Embeddings (cos, sin): [[-0.98437667  0.6175604   0.8147523   0.22543034  0.21773519]] [[-0.17607561  0.78652346 -0.5798092  -0.9742593  -0.9760079 ]]
After applying rotary embeddings:
Key: [[ 3.535111    0.03322709 -1.7047724  -0.8672259  -0.82922924]]
Query: [[-1.3036401 -4.995188  -1.164907  -2.2472248 -2.6734085]]
dict_keys(['cached_key', 'cached_value', 'cache_index'])
(1, 100, 4, 256)
84
first causal (1, 1, 1, 100)
second causal (1, 1, 1, 100)
first attention_mask (1, 100)
second attention_mask (1, 1, 1, 100)
After preparing attention bias:
Key: [[ 0.23551019 -0.58787084  0.8931058   0.03546891 -0.61331457]
 [-3.4842038  -2.5823421   2.6251893  -0.6500144  -1.0098015 ]
 [-5.1299706   2.9024794   1.653559    1.867208    0.20626378]
 [-0.9040756   0.9786203   0.1259701   0.93264747  0.6661249 ]
 [ 3.4317875   2.6850042   2.2295992  -0.7157977  -0.76062685]]
Query: [[-1.3036401 -4.995188  -1.164907  -2.2472248 -2.6734085]]
Value: [[-0.30203187 -0.01090051 -0.02799009  0.11312769  0.03193391]
 [ 0.02440363  0.03492991  0.15970358  0.09944703  0.44947106]
 [-0.00216836  0.47415504 -0.43547857  0.22922125  0.39244246]
 [ 0.34359306  0.13954903  0.16874264  0.27897012  0.09575688]
 [-0.45459837  0.30241638  0.13337684 -0.95822626  0.28070697]]
Attention Bias: [[0. 0. 0. 0. 0.]]
Attention Weights: [[0.0100436  0.0010004  0.00017001 0.00103402 0.00016241]]
Attention Output: [[-0.02009423  0.3371207  -0.17756568  0.49435088  0.14392056]
 [-0.06241405 -0.03645702  0.01417686  0.01400743  0.02780046]
 [-0.06361541  0.49909413 -0.2334287   0.6593378   0.20167404]
 [ 0.07282822 -0.0416116  -0.01160374 -0.09122831  0.12169275]
 [ 0.06739117 -0.0877294   0.0169843  -0.03999869  0.06957813]]
Final Attention Output: [[-0.15551719 -0.34398186  0.19835655  0.1871499   0.55722225]]
After Self Attention: [[-0.15551719 -0.34398186  0.19835655  0.1871499   0.55722225]]
+ Residual: [[ 0.7363037   0.2505227   1.2757566   1.2608087  -0.07260703]]
Input to MLP: [[ 0.09986845 -0.01499928  0.28207704  0.22855268  0.08375877]]
Output of MLP: [[ 1.2220047 -1.7270439  0.7286276  1.7821332 -1.4689465]]
After MLP: [[ 1.2220047 -1.7270439  0.7286276  1.7821332 -1.4689465]]
+ Residual: [[ 0.58078647 -0.09345916  1.4741131   1.4479586   0.4846152 ]]
After Normalization: [[ 1.5774581  -1.5929563   2.1008854   2.6850412  -0.87421805]]
Logits: [[ 3.8475797  5.086188   4.8467913  1.7497896 -3.5771406]]
------ 6 ------
Input Embeddings: [[ 0.03637695 -0.02270508 -0.07177734 -0.04516602  0.06347656]]
Processing Layer: 0
After splitting heads:
Key: [[ 0.9147518   0.8684284   0.38463122 -0.72392565 -0.5728446 ]]
Query: [[ 0.55441487  0.45003307 -0.344211   -0.14982708 -0.5386337 ]]
Value: [[-0.01575691  0.00628004  0.0124528   0.00324811 -0.0572781 ]]
Position Embeddings (cos, sin): [[-0.38369843 -0.22996825  0.98250216  0.81386954  0.7636042 ]] [[-0.92345846  0.9731981   0.18625106 -0.58104765 -0.64568454]]
After applying rotary embeddings:
Key: [[-0.8561801   0.28215548  0.1667716  -0.88255894  0.34496307]]
Query: [[-0.09639072 -0.1531869  -0.48086452 -0.35206506 -0.3151001 ]]
dict_keys(['cached_key', 'cached_value', 'cache_index'])
(1, 100, 4, 256)
85
first causal (1, 1, 1, 100)
second causal (1, 1, 1, 100)
first attention_mask (1, 100)
second attention_mask (1, 1, 1, 100)
After preparing attention bias:
Key: [[-0.5235454   0.94829047  0.09962852 -0.34766498 -1.004601  ]
 [ 0.4673321   0.6531818   0.29954186 -0.5924259  -0.13142833]
 [-1.102276    0.6347286  -1.8175727  -0.01162603 -1.0346551 ]
 [ 0.5819839  -1.1085202   0.57704896  0.21239331  0.9391506 ]
 [-1.9051143  -1.1454301   0.46399736  1.4405429   1.0803161 ]]
Query: [[-0.09639072 -0.1531869  -0.48086452 -0.35206506 -0.3151001 ]]
Value: [[-0.0086463  -0.00802097  0.0028149   0.00394865  0.01621166]
 [ 0.00596379 -0.00103219  0.00024112 -0.00405223  0.00370434]
 [ 0.02702971  0.02298634 -0.00381298  0.00481964  0.07446295]
 [-0.01326262 -0.00428154  0.02002781  0.00356472 -0.00275465]
 [-0.01471494  0.00847674 -0.0012339  -0.00600279 -0.00017791]]
Attention Bias: [[0. 0. 0. 0. 0.]]
Attention Weights: [[0.00357906 0.00741907 0.00241946 0.00989836 0.00458173]]
Attention Output: [[-0.00270132 -0.00094679 -0.00202151  0.00178266 -0.00266373]
 [-0.00512602 -0.00209301  0.00096728  0.00040704  0.00193134]
 [-0.00505342 -0.00185893 -0.00141564  0.0007895   0.00132475]
 [-0.00422445  0.04942034 -0.00709285  0.00131638 -0.00036679]
 [-0.00217319 -0.05654568 -0.00748932  0.0011826   0.00085159]]
Final Attention Output: [[ 0.01132115  0.02214139 -0.01037275  0.01484476 -0.02169758]]
After Self Attention: [[ 0.01132115  0.02214139 -0.01037275  0.01484476 -0.02169758]]
+ Residual: [[ 0.03637695 -0.02270508 -0.07177734 -0.04516602  0.06347656]]
Input to MLP: [[ 0.11033916 -0.00132474 -0.19079342 -0.07070051  0.09703162]]
Output of MLP: [[ 1.1672058   0.44195542 -0.4541917  -1.1884005   0.43060514]]
After MLP: [[ 1.1672058   0.44195542 -0.4541917  -1.1884005   0.43060514]]
+ Residual: [[ 0.04769811 -0.00056368 -0.08215009 -0.03032126  0.04177899]]
Processing Layer: 1
After splitting heads:
Key: [[-2.8114905  -1.7198006   0.31576735  0.5483675   2.7542768 ]]
Query: [[ 2.8604033 -2.3949764 -2.4305134 -0.924583  -3.8550696]]
Value: [[ 0.5270531   0.19770475  0.2043251   0.37377357 -0.53139263]]
Position Embeddings (cos, sin): [[-0.38369843 -0.22996825  0.98250216  0.81386954  0.7636042 ]] [[-0.92345846  0.9731981   0.18625106 -0.58104765 -0.64568454]]
After applying rotary embeddings:
Key: [[ 7.48966     0.31436405  0.76097596 -0.3440851   0.544649  ]]
Query: [[ 0.2343297 -2.3547447 -2.3709795 -1.0013989 -3.5804741]]
dict_keys(['cached_key', 'cached_value', 'cache_index'])
(1, 100, 4, 256)
85
first causal (1, 1, 1, 100)
second causal (1, 1, 1, 100)
first attention_mask (1, 100)
second attention_mask (1, 1, 1, 100)
After preparing attention bias:
Key: [[ 0.23551019 -0.58787084  0.8931058   0.03546891 -0.61331457]
 [-3.4842038  -2.5823421   2.6251893  -0.6500144  -1.0098015 ]
 [-5.1299706   2.9024794   1.653559    1.867208    0.20626378]
 [-0.9040756   0.9786203   0.1259701   0.93264747  0.6661249 ]
 [ 3.4317875   2.6850042   2.2295992  -0.7157977  -0.76062685]]
Query: [[ 0.2343297 -2.3547447 -2.3709795 -1.0013989 -3.5804741]]
Value: [[-0.30203187 -0.01090051 -0.02799009  0.11312769  0.03193391]
 [ 0.02440363  0.03492991  0.15970358  0.09944703  0.44947106]
 [-0.00216836  0.47415504 -0.43547857  0.22922125  0.39244246]
 [ 0.34359306  0.13954903  0.16874264  0.27897012  0.09575688]
 [-0.45459837  0.30241638  0.13337684 -0.95822626  0.28070697]]
Attention Bias: [[0. 0. 0. 0. 0.]]
Attention Weights: [[3.6223419e-03 1.1788572e-04 2.2521552e-05 3.7447910e-04 7.9910133e-05]]
Attention Output: [[-0.01620301  0.3947767  -0.19758375  0.5503442   0.15658514]
 [ 0.03182841  0.0570413  -0.03442417  0.11521326  0.03192955]
 [ 0.01154603  0.26300344  0.08242688 -0.1595803   0.03521743]
 [ 0.0502554  -0.04511775 -0.00965531 -0.11383428  0.08146785]
 [ 0.06154074 -0.08919631  0.02769657 -0.04492668  0.06559065]]
Final Attention Output: [[-0.30899632  0.47418857  0.27104834 -0.02424709 -0.2328415 ]]
After Self Attention: [[-0.30899632  0.47418857  0.27104834 -0.02424709 -0.2328415 ]]
+ Residual: [[ 1.214904    0.44139174 -0.5363418  -1.2187217   0.47238412]]
Input to MLP: [[ 0.1395737   0.1316597  -0.04548533 -0.17579168  0.03709573]]
Output of MLP: [[ 0.20078959 -1.0828221   0.29346836  0.38810238  0.26425448]]
After MLP: [[ 0.20078959 -1.0828221   0.29346836  0.38810238  0.26425448]]
+ Residual: [[ 0.90590763  0.9155803  -0.26529345 -1.2429688   0.23954262]]
After Normalization: [[ 1.0416415  -0.15741073  0.02890536 -0.7643835   0.48129484]]
Logits: [[0.82328326 3.2381742  3.6776974  3.8095605  0.77728444]]
------ 7 ------
Input Embeddings: [[ 0.03417969  0.00762939 -0.03393555  0.01159668 -0.06347656]]
Processing Layer: 0
After splitting heads:
Key: [[ 1.6693746   0.6533966   0.12901628 -0.9083632  -0.9852939 ]]
Query: [[ 0.6089964   0.29797354  0.01104173 -0.26609588 -0.6954904 ]]
Value: [[-0.02579667  0.02923048 -0.02583089  0.00334281 -0.0383985 ]]
Position Embeddings (cos, sin): [[ 0.5697503  -0.904299    0.5460247   0.99466133  0.9986201 ]] [[-0.8218178   0.42689958  0.8377691   0.10319316 -0.05251551]]
After applying rotary embeddings:
Key: [[ 0.23693359 -0.30913696 -1.2171698  -0.9323772  -0.94879466]]
Query: [[ 0.1002862  -0.18028411 -0.3444835  -0.24021    -0.6545857 ]]
dict_keys(['cached_key', 'cached_value', 'cache_index'])
(1, 100, 4, 256)
86
first causal (1, 1, 1, 100)
second causal (1, 1, 1, 100)
first attention_mask (1, 100)
second attention_mask (1, 1, 1, 100)
After preparing attention bias:
Key: [[-0.5235454   0.94829047  0.09962852 -0.34766498 -1.004601  ]
 [ 0.4673321   0.6531818   0.29954186 -0.5924259  -0.13142833]
 [-1.102276    0.6347286  -1.8175727  -0.01162603 -1.0346551 ]
 [ 0.5819839  -1.1085202   0.57704896  0.21239331  0.9391506 ]
 [-1.9051143  -1.1454301   0.46399736  1.4405429   1.0803161 ]]
Query: [[ 0.1002862  -0.18028411 -0.3444835  -0.24021    -0.6545857 ]]
Value: [[-0.0086463  -0.00802097  0.0028149   0.00394865  0.01621166]
 [ 0.00596379 -0.00103219  0.00024112 -0.00405223  0.00370434]
 [ 0.02702971  0.02298634 -0.00381298  0.00481964  0.07446295]
 [-0.01326262 -0.00428154  0.02002781  0.00356472 -0.00275465]
 [-0.01471494  0.00847674 -0.0012339  -0.00600279 -0.00017791]]
Attention Bias: [[0. 0. 0. 0. 0.]]
Attention Weights: [[0.00542812 0.00889066 0.00133319 0.01270052 0.00154608]]
Attention Output: [[-4.7389576e-03 -1.0591641e-03 -1.3832506e-03  8.4606541e-04
   3.1209900e-04]
 [-4.9770121e-03 -1.8938484e-03 -1.8270692e-04  4.3175509e-04
   1.6988637e-03]
 [-5.0214459e-03 -6.9098116e-04 -5.6852459e-04  1.6445920e-03
  -7.6295575e-05]
 [-3.3993053e-03  4.4527560e-02 -7.5122360e-03  1.2883171e-03
   3.0774297e-04]
 [ 1.8825979e-03 -1.4887178e-01 -8.0465004e-03  5.7132286e-04
  -2.3425363e-03]]
Final Attention Output: [[ 0.01787478  0.01629681 -0.00740322 -0.00155533 -0.00619385]]
After Self Attention: [[ 0.01787478  0.01629681 -0.00740322 -0.00155533 -0.00619385]]
+ Residual: [[ 0.03417969  0.00762939 -0.03393555  0.01159668 -0.06347656]]
Input to MLP: [[ 0.11459983  0.05351385 -0.0913714   0.02228254 -0.15399306]]
Output of MLP: [[ 1.0110207  -1.8175604  -1.3220407   0.69531626  0.8910235 ]]
After MLP: [[ 1.0110207  -1.8175604  -1.3220407   0.69531626  0.8910235 ]]
+ Residual: [[ 0.05205447  0.0239262  -0.04133877  0.01004135 -0.06967041]]
Processing Layer: 1
After splitting heads:
Key: [[-1.2450658 -2.7271845 -2.2502043  2.4396045  1.9397585]]
Query: [[ 0.26360282  0.24896038 -1.5756552  -1.6237429   1.279016  ]]
Value: [[-0.16136011  0.52332675  0.16943578 -0.10614307  0.5033002 ]]
Position Embeddings (cos, sin): [[ 0.5697503  -0.904299    0.5460247   0.99466133  0.9986201 ]] [[-0.8218178   0.42689958  0.8377691   0.10319316 -0.05251551]]
After applying rotary embeddings:
Key: [[2.2954824 2.284124  0.724849  2.64116   1.9085178]]
Query: [[ 2.2677832  -0.27148378 -0.7536731  -1.461765    1.2191954 ]]
dict_keys(['cached_key', 'cached_value', 'cache_index'])
(1, 100, 4, 256)
86
first causal (1, 1, 1, 100)
second causal (1, 1, 1, 100)
first attention_mask (1, 100)
second attention_mask (1, 1, 1, 100)
After preparing attention bias:
Key: [[ 0.23551019 -0.58787084  0.8931058   0.03546891 -0.61331457]
 [-3.4842038  -2.5823421   2.6251893  -0.6500144  -1.0098015 ]
 [-5.1299706   2.9024794   1.653559    1.867208    0.20626378]
 [-0.9040756   0.9786203   0.1259701   0.93264747  0.6661249 ]
 [ 3.4317875   2.6850042   2.2295992  -0.7157977  -0.76062685]]
Query: [[ 2.2677832  -0.27148378 -0.7536731  -1.461765    1.2191954 ]]
Value: [[-0.30203187 -0.01090051 -0.02799009  0.11312769  0.03193391]
 [ 0.02440363  0.03492991  0.15970358  0.09944703  0.44947106]
 [-0.00216836  0.47415504 -0.43547857  0.22922125  0.39244246]
 [ 0.34359306  0.13954903  0.16874264  0.27897012  0.09575688]
 [-0.45459837  0.30241638  0.13337684 -0.95822626  0.28070697]]
Attention Bias: [[0. 0. 0. 0. 0.]]
Attention Weights: [[2.4679797e-02 1.0117268e-03 6.5555854e-05 1.7768351e-03 2.8336514e-04]]
Attention Output: [[ 0.13547224  0.10991902  0.08444982  0.06756589 -0.11291257]
 [ 0.01212735  0.08038865 -0.00413533  0.08786523  0.04182345]
 [ 0.02653088  0.05408311  0.05949495  0.05633576 -0.04575263]
 [-0.01200379  0.0050927  -0.10930446 -0.01164739  0.18545291]
 [ 0.04216522 -0.08657718 -0.02587319 -0.01084461  0.08367773]]
Final Attention Output: [[-0.36322582  0.60132253  0.2583898   0.2559324   0.15564436]]
After Self Attention: [[-0.36322582  0.60132253  0.2583898   0.2559324   0.15564436]]
+ Residual: [[ 1.0630752 -1.7936342 -1.3633795  0.7053576  0.8213531]]
Input to MLP: [[ 0.09723978 -0.15462011 -0.17085305  0.12260615  0.13644396]]
Output of MLP: [[-0.12670612 -0.14973897 -0.67662007  0.2656039   0.5992312 ]]
After MLP: [[-0.12670612 -0.14973897 -0.67662007  0.2656039   0.5992312 ]]
+ Residual: [[ 0.69984937 -1.1923116  -1.1049896   0.96129     0.97699744]]
After Normalization: [[ 0.5797732 -1.357575  -1.9644188  1.179032   1.618379 ]]
Logits: [[ 4.119188    0.74171156  2.303651   -0.9196537   0.20241971]]
------ 8 ------
Input Embeddings: [[ 0.06591797  0.01818848  0.01831055 -0.0135498   0.01141357]]
Processing Layer: 0
After splitting heads:
Key: [[ 1.7239734   0.98096365  0.15316409 -1.0544769  -1.0069093 ]]
Query: [[-0.274591   -0.22817445  0.00670898  0.16347703 -0.36978266]]
Value: [[ 0.01696098 -0.02256196 -0.01611122  0.01196219  0.01111257]]
Position Embeddings (cos, sin): [[ 0.99937326 -0.89754426 -0.22625163  0.677256    0.8271158 ]] [[ 0.0353983  -0.4409244   0.9740689   0.73574746  0.5620316 ]]
After applying rotary embeddings:
Key: [[ 1.7391746 -1.3007687 -1.832035  -0.5847085 -1.494039 ]]
Query: [[-0.27810615  0.01775828 -0.25371093 -0.23626375 -0.5896195 ]]
dict_keys(['cached_key', 'cached_value', 'cache_index'])
(1, 100, 4, 256)
87
first causal (1, 1, 1, 100)
second causal (1, 1, 1, 100)
first attention_mask (1, 100)
second attention_mask (1, 1, 1, 100)
After preparing attention bias:
Key: [[-0.5235454   0.94829047  0.09962852 -0.34766498 -1.004601  ]
 [ 0.4673321   0.6531818   0.29954186 -0.5924259  -0.13142833]
 [-1.102276    0.6347286  -1.8175727  -0.01162603 -1.0346551 ]
 [ 0.5819839  -1.1085202   0.57704896  0.21239331  0.9391506 ]
 [-1.9051143  -1.1454301   0.46399736  1.4405429   1.0803161 ]]
Query: [[-0.27810615  0.01775828 -0.25371093 -0.23626375 -0.5896195 ]]
Value: [[-0.0086463  -0.00802097  0.0028149   0.00394865  0.01621166]
 [ 0.00596379 -0.00103219  0.00024112 -0.00405223  0.00370434]
 [ 0.02702971  0.02298634 -0.00381298  0.00481964  0.07446295]
 [-0.01326262 -0.00428154  0.02002781  0.00356472 -0.00275465]
 [-0.01471494  0.00847674 -0.0012339  -0.00600279 -0.00017791]]
Attention Bias: [[0. 0. 0. 0. 0.]]
Attention Weights: [[0.00346816 0.00838835 0.0019353  0.0115463  0.00267086]]
Attention Output: [[-0.00398846 -0.00167378 -0.00232456  0.00099242 -0.00014545]
 [-0.00535209 -0.00164184  0.00091072  0.00066477  0.00138274]
 [-0.00501902 -0.000959   -0.00083834  0.00171494 -0.00026959]
 [-0.00404056  0.04202414 -0.00772851  0.00242233  0.0020467 ]
 [-0.00078988 -0.07711418 -0.0074632   0.00087585  0.00026268]]
Final Attention Output: [[ 0.00116184 -0.00771475  0.00032404 -0.00071386 -0.01368731]]
After Self Attention: [[ 0.00116184 -0.00771475  0.00032404 -0.00071386 -0.01368731]]
+ Residual: [[ 0.06591797  0.01818848  0.01831055 -0.0135498   0.01141357]]
Input to MLP: [[ 0.16113767  0.0255607   0.04494194 -0.03453688 -0.00548369]]
Output of MLP: [[-0.4112325   0.06223558 -0.21434423 -0.7342185   1.75789   ]]
After MLP: [[-0.4112325   0.06223558 -0.21434423 -0.7342185   1.75789   ]]
+ Residual: [[ 0.06707981  0.01047372  0.01863458 -0.01426366 -0.00227374]]
Processing Layer: 1
After splitting heads:
Key: [[-2.7998104 -2.1321948 -1.2929002  1.447737   2.4156618]]
Query: [[ 1.2893784  -3.5957847  -1.3253667  -0.17110191 -2.9180834 ]]
Value: [[ 0.5652824   0.15230191  0.09737325 -0.09510589  0.06125617]]
Position Embeddings (cos, sin): [[ 0.99937326 -0.89754426 -0.22625163  0.677256    0.8271158 ]] [[ 0.0353983  -0.4409244   0.9740689   0.73574746  0.5620316 ]]
After applying rotary embeddings:
Key: [[-2.9989963  2.5647068  2.6118622  1.9600106  2.5476942]]
Query: [[ 1.1723846   4.456068    0.45354992  1.1521114  -1.1892503 ]]
dict_keys(['cached_key', 'cached_value', 'cache_index'])
(1, 100, 4, 256)
87
first causal (1, 1, 1, 100)
second causal (1, 1, 1, 100)
first attention_mask (1, 100)
second attention_mask (1, 1, 1, 100)
After preparing attention bias:
Key: [[ 0.23551019 -0.58787084  0.8931058   0.03546891 -0.61331457]
 [-3.4842038  -2.5823421   2.6251893  -0.6500144  -1.0098015 ]
 [-5.1299706   2.9024794   1.653559    1.867208    0.20626378]
 [-0.9040756   0.9786203   0.1259701   0.93264747  0.6661249 ]
 [ 3.4317875   2.6850042   2.2295992  -0.7157977  -0.76062685]]
Query: [[ 1.1723846   4.456068    0.45354992  1.1521114  -1.1892503 ]]
Value: [[-0.30203187 -0.01090051 -0.02799009  0.11312769  0.03193391]
 [ 0.02440363  0.03492991  0.15970358  0.09944703  0.44947106]
 [-0.00216836  0.47415504 -0.43547857  0.22922125  0.39244246]
 [ 0.34359306  0.13954903  0.16874264  0.27897012  0.09575688]
 [-0.45459837  0.30241638  0.13337684 -0.95822626  0.28070697]]
Attention Bias: [[0. 0. 0. 0. 0.]]
Attention Weights: [[0.02312746 0.0002783  0.0001488  0.0023208  0.00031015]]
Attention Output: [[-0.08742012  0.26125318  0.10805577 -0.05411522  0.25188294]
 [ 0.06310915  0.08587814  0.07535746  0.03335637 -0.05624954]
 [-0.12718725  0.4887138   0.161674   -0.1009108   0.46558398]
 [ 0.04348955 -0.0210848  -0.04919734 -0.0851214   0.13055259]
 [ 0.05062079 -0.11895619  0.05002836 -0.06112401  0.05651493]]
Final Attention Output: [[-0.25072256  0.8953837   0.24447693 -0.24255085  0.34107852]]
After Self Attention: [[-0.25072256  0.8953837   0.24447693 -0.24255085  0.34107852]]
+ Residual: [[-0.3441527   0.0727093  -0.19570965 -0.74848217  1.7556162 ]]
Input to MLP: [[-0.08297011  0.12602295  0.00756919 -0.12688267  0.29393578]]
Output of MLP: [[0.6722016  0.43738446 0.10443576 0.5538724  1.0083736 ]]
After MLP: [[0.6722016  0.43738446 0.10443576 0.5538724  1.0083736 ]]
+ Residual: [[-0.5948752   0.96809304  0.04876728 -0.991033    2.0966947 ]]
After Normalization: [[ 0.07132365  1.2963727   0.15402807 -0.38306335  2.9069874 ]]
Logits: [[ 1.8604203  -0.8987461  -2.0214312   0.20939915  0.96689594]]
------ 9 ------
Input Embeddings: [[-0.02661133 -0.03417969  0.00817871  0.0402832   0.02954102]]
Processing Layer: 0
After splitting heads:
Key: [[ 1.9124959  1.0370197 -0.1217792 -1.1298506 -1.0097162]]
Query: [[ 0.20161536  0.3335301  -0.3700741   0.00738405 -0.7185516 ]]
Value: [[ 0.04163078 -0.02841106  0.00823001  0.00925405 -0.01566014]]
Position Embeddings (cos, sin): [[ 0.510177   -0.21479875 -0.8593897   0.02062889  0.31890747]] [[ 0.8600694  -0.97665834  0.5113211   0.9997872   0.94778585]]
After applying rotary embeddings:
Key: [[ 1.0707911  -0.87106645 -0.74623644  0.37310538 -1.3110769 ]]
Query: [[-0.14561717  0.02199433  0.1999358   0.16726585 -0.16191411]]
dict_keys(['cached_key', 'cached_value', 'cache_index'])
(1, 100, 4, 256)
88
first causal (1, 1, 1, 100)
second causal (1, 1, 1, 100)
first attention_mask (1, 100)
second attention_mask (1, 1, 1, 100)
After preparing attention bias:
Key: [[-0.5235454   0.94829047  0.09962852 -0.34766498 -1.004601  ]
 [ 0.4673321   0.6531818   0.29954186 -0.5924259  -0.13142833]
 [-1.102276    0.6347286  -1.8175727  -0.01162603 -1.0346551 ]
 [ 0.5819839  -1.1085202   0.57704896  0.21239331  0.9391506 ]
 [-1.9051143  -1.1454301   0.46399736  1.4405429   1.0803161 ]]
Query: [[-0.14561717  0.02199433  0.1999358   0.16726585 -0.16191411]]
Value: [[-0.0086463  -0.00802097  0.0028149   0.00394865  0.01621166]
 [ 0.00596379 -0.00103219  0.00024112 -0.00405223  0.00370434]
 [ 0.02702971  0.02298634 -0.00381298  0.00481964  0.07446295]
 [-0.01326262 -0.00428154  0.02002781  0.00356472 -0.00275465]
 [-0.01471494  0.00847674 -0.0012339  -0.00600279 -0.00017791]]
Attention Bias: [[0. 0. 0. 0. 0.]]
Attention Weights: [[0.00392024 0.00794932 0.00189887 0.0104341  0.00335004]]
Attention Output: [[-0.00226108 -0.00260939 -0.00252252  0.00101762 -0.00024359]
 [-0.00456516 -0.00201284 -0.00011864  0.00047954  0.00125288]
 [-0.0036482  -0.00213003 -0.00145526  0.00109918  0.00054032]
 [-0.00298076  0.05029802 -0.00775575  0.00113344  0.0005857 ]
 [-0.00093048 -0.08180366 -0.00676548 -0.00019968 -0.00025061]]
Final Attention Output: [[ 0.01037074  0.00486233  0.00816742  0.00688712 -0.00690787]]
After Self Attention: [[ 0.01037074  0.00486233  0.00816742  0.00688712 -0.00690787]]
+ Residual: [[-0.02661133 -0.03417969  0.00817871  0.0402832   0.02954102]]
Input to MLP: [[-0.04069426 -0.07463154  0.04112189  0.11913705  0.05693811]]
Output of MLP: [[ 0.9465001  -3.1432455   0.06692746 -2.2113233   1.7928758 ]]
After MLP: [[ 0.9465001  -3.1432455   0.06692746 -2.2113233   1.7928758 ]]
+ Residual: [[-0.01624059 -0.02931735  0.01634613  0.04717032  0.02263315]]
Processing Layer: 1
After splitting heads:
Key: [[-2.60503    -3.303922   -0.3919758   0.92926997  1.2846293 ]]
Query: [[ 2.098138  -1.710939  -2.4434996 -1.3336654 -2.4304614]]
Value: [[ 1.5340095   0.50731397 -0.099837   -0.1484701   0.93767124]]
Position Embeddings (cos, sin): [[ 0.510177   -0.21479875 -0.8593897   0.02062889  0.31890747]] [[ 0.8600694  -0.97665834  0.5113211   0.9997872   0.94778585]]
After applying rotary embeddings:
Key: [[-7.6728144  1.5647602  1.8673103  2.0248065  3.3698514]]
Query: [[-1.1563622  1.9966949  2.334591   1.150422   0.3174786]]
dict_keys(['cached_key', 'cached_value', 'cache_index'])
(1, 100, 4, 256)
88
first causal (1, 1, 1, 100)
second causal (1, 1, 1, 100)
first attention_mask (1, 100)
second attention_mask (1, 1, 1, 100)
After preparing attention bias:
Key: [[ 0.23551019 -0.58787084  0.8931058   0.03546891 -0.61331457]
 [-3.4842038  -2.5823421   2.6251893  -0.6500144  -1.0098015 ]
 [-5.1299706   2.9024794   1.653559    1.867208    0.20626378]
 [-0.9040756   0.9786203   0.1259701   0.93264747  0.6661249 ]
 [ 3.4317875   2.6850042   2.2295992  -0.7157977  -0.76062685]]
Query: [[-1.1563622  1.9966949  2.334591   1.150422   0.3174786]]
Value: [[-0.30203187 -0.01090051 -0.02799009  0.11312769  0.03193391]
 [ 0.02440363  0.03492991  0.15970358  0.09944703  0.44947106]
 [-0.00216836  0.47415504 -0.43547857  0.22922125  0.39244246]
 [ 0.34359306  0.13954903  0.16874264  0.27897012  0.09575688]
 [-0.45459837  0.30241638  0.13337684 -0.95822626  0.28070697]]
Attention Bias: [[0. 0. 0. 0. 0.]]
Attention Weights: [[0.03628531 0.00324003 0.0002827  0.00305372 0.00013875]]
Attention Output: [[ 0.11336938  0.1399342   0.08129376 -0.04628722  0.13401452]
 [ 0.11347464  0.05323998  0.0510907  -0.0303443   0.04248737]
 [ 0.6064757   0.17897774  0.06418139 -0.09286197  0.1722557 ]
 [ 0.03317253 -0.01690938 -0.06949292 -0.0716256   0.23668733]
 [ 0.00778161 -0.10727988  0.00134306 -0.05408761  0.09216727]]
Final Attention Output: [[ 0.18859646  0.36866984 -0.19645724 -0.67935246  0.07195626]]
After Self Attention: [[ 0.18859646  0.36866984 -0.19645724 -0.67935246  0.07195626]]
+ Residual: [[ 0.9302595  -3.1725628   0.08327359 -2.1641529   1.815509  ]]
Input to MLP: [[ 0.14324632 -0.33504838 -0.01612568 -0.334181    0.24289005]]
Output of MLP: [[ 0.47759375 -0.57358825 -0.6375955   0.69457614  0.52133006]]
After MLP: [[ 0.47759375 -0.57358825 -0.6375955   0.69457614  0.52133006]]
+ Residual: [[ 1.118856   -2.803893   -0.11318365 -2.8435054   1.8874652 ]]
After Normalization: [[ 1.4416994 -3.0500884 -0.7390233 -1.8435934  2.2079306]]
Logits: [[-1.1981226  1.3608611 -4.370517  -0.9460769 -1.0559025]]
------ 10 ------
Input Embeddings: [[-0.03320312 -0.1484375  -0.05810547  0.00109863  0.01324463]]
Processing Layer: 0
After splitting heads:
Key: [[ 1.3900657   1.2784008   0.17166309 -1.7406418  -0.72475755]]
Query: [[ 0.85781837  0.21721147  0.1285488  -0.5562389   0.32325473]]
Value: [[ 0.0364484   0.03042634  0.00209215 -0.0193243  -0.0087289 ]]
Position Embeddings (cos, sin): [[-0.44807363  0.6297288  -0.9640057  -0.64632493 -0.31912586]] [[ 0.89399666 -0.77681506 -0.26588145  0.7630623   0.94771236]]
After applying rotary embeddings:
Key: [[-0.14998043  0.40735012  0.18376155  1.1876243  -0.30611262]]
Query: [[ 0.06342399  0.24616738 -0.01700114  0.698501   -0.51087046]]
dict_keys(['cached_key', 'cached_value', 'cache_index'])
(1, 100, 4, 256)
89
first causal (1, 1, 1, 100)
second causal (1, 1, 1, 100)
first attention_mask (1, 100)
second attention_mask (1, 1, 1, 100)
After preparing attention bias:
Key: [[-0.5235454   0.94829047  0.09962852 -0.34766498 -1.004601  ]
 [ 0.4673321   0.6531818   0.29954186 -0.5924259  -0.13142833]
 [-1.102276    0.6347286  -1.8175727  -0.01162603 -1.0346551 ]
 [ 0.5819839  -1.1085202   0.57704896  0.21239331  0.9391506 ]
 [-1.9051143  -1.1454301   0.46399736  1.4405429   1.0803161 ]]
Query: [[ 0.06342399  0.24616738 -0.01700114  0.698501   -0.51087046]]
Value: [[-0.0086463  -0.00802097  0.0028149   0.00394865  0.01621166]
 [ 0.00596379 -0.00103219  0.00024112 -0.00405223  0.00370434]
 [ 0.02702971  0.02298634 -0.00381298  0.00481964  0.07446295]
 [-0.01326262 -0.00428154  0.02002781  0.00356472 -0.00275465]
 [-0.01471494  0.00847674 -0.0012339  -0.00600279 -0.00017791]]
Attention Bias: [[0. 0. 0. 0. 0.]]
Attention Weights: [[0.0048318  0.00664078 0.00146526 0.01312329 0.0034859 ]]
Attention Output: [[-1.1035986e-03 -1.8215546e-03 -2.0625035e-03  1.1685209e-03
  -1.2593130e-03]
 [-4.1518291e-03 -1.9080092e-03 -4.0352624e-04  3.0573475e-04
   1.5579773e-03]
 [-1.7151767e-03  2.7611951e-04 -3.6088680e-03  2.8361275e-03
  -5.0801993e-03]
 [-2.3942844e-03 -1.9606516e-01 -4.2076367e-03 -1.3321186e-03
  -1.7133874e-03]
 [-1.3497606e-03 -1.0072546e-01 -6.9374745e-03 -4.2918138e-05
  -8.5537671e-05]]
Final Attention Output: [[ 0.02517986 -0.00866564 -0.00705848  0.01063611 -0.01773834]]
After Self Attention: [[ 0.02517986 -0.00866564 -0.00705848  0.01063611 -0.01773834]]
+ Residual: [[-0.03320312 -0.1484375  -0.05810547  0.00109863  0.01324463]]
Input to MLP: [[-0.01635767 -0.3254032  -0.13338432  0.0241152  -0.00919819]]
Output of MLP: [[0.5316194  0.697384   0.18345    1.686002   0.65012944]]
After MLP: [[0.5316194  0.697384   0.18345    1.686002   0.65012944]]
+ Residual: [[-0.00802326 -0.15710314 -0.06516396  0.01173474 -0.00449371]]
Processing Layer: 1
After splitting heads:
Key: [[-2.4385755  -2.2935455   1.4386897   0.40702763  1.2423918 ]]
Query: [[ 2.858775  -3.1520433 -3.4988022 -0.7613574 -1.6825432]]
Value: [[-0.14244881 -0.46746218 -0.0333481   0.5385217  -0.224188  ]]
Position Embeddings (cos, sin): [[-0.44807363  0.6297288  -0.9640057  -0.64632493 -0.31912586]] [[ 0.89399666 -0.77681506 -0.26588145  0.7630623   0.94771236]]
After applying rotary embeddings:
Key: [[-4.7903085 -1.3078122 -2.0566075  0.8384371  2.4191687]]
Query: [[-3.2511535   0.7101481   3.222971    0.76042426  1.2664416 ]]
dict_keys(['cached_key', 'cached_value', 'cache_index'])
(1, 100, 4, 256)
89
first causal (1, 1, 1, 100)
second causal (1, 1, 1, 100)
first attention_mask (1, 100)
second attention_mask (1, 1, 1, 100)
After preparing attention bias:
Key: [[ 0.23551019 -0.58787084  0.8931058   0.03546891 -0.61331457]
 [-3.4842038  -2.5823421   2.6251893  -0.6500144  -1.0098015 ]
 [-5.1299706   2.9024794   1.653559    1.867208    0.20626378]
 [-0.9040756   0.9786203   0.1259701   0.93264747  0.6661249 ]
 [ 3.4317875   2.6850042   2.2295992  -0.7157977  -0.76062685]]
Query: [[-3.2511535   0.7101481   3.222971    0.76042426  1.2664416 ]]
Value: [[-0.30203187 -0.01090051 -0.02799009  0.11312769  0.03193391]
 [ 0.02440363  0.03492991  0.15970358  0.09944703  0.44947106]
 [-0.00216836  0.47415504 -0.43547857  0.22922125  0.39244246]
 [ 0.34359306  0.13954903  0.16874264  0.27897012  0.09575688]
 [-0.45459837  0.30241638  0.13337684 -0.95822626  0.28070697]]
Attention Bias: [[0. 0. 0. 0. 0.]]
Attention Weights: [[0.11652029 0.00673223 0.00063978 0.00540715 0.00049116]]
Attention Output: [[ 0.28792542  0.09092811 -0.00287856 -0.04774871  0.23072632]
 [-0.05008356 -0.01504656  0.03584952 -0.01956547  0.04204371]
 [ 1.4766037   0.4798189  -0.09627131 -0.1341401   0.89927584]
 [ 0.06363028 -0.02951056 -0.02776051 -0.02452016  0.12889132]
 [ 0.04447352 -0.06044502  0.00780546 -0.06250976  0.06733397]]
Final Attention Output: [[-0.1941649  -0.34775522 -0.04720954 -1.151025    0.5749561 ]]
After Self Attention: [[-0.1941649  -0.34775522 -0.04720954 -1.151025    0.5749561 ]]
+ Residual: [[0.52359617 0.5402809  0.11828604 1.6977367  0.6456357 ]]
Input to MLP: [[0.06191554 0.03377227 0.01486572 0.09432171 0.23058273]]
Output of MLP: [[-0.6292904  -0.1310878   1.2169354  -0.5924191  -0.28090468]]
After MLP: [[-0.6292904  -0.1310878   1.2169354  -0.5924191  -0.28090468]]
+ Residual: [[0.32943127 0.19252566 0.0710765  0.5467117  1.2205918 ]]
After Normalization: [[-0.31643483  0.06483404  1.4815398  -0.04582233  1.0065057 ]]
Logits: [[-3.178256   -2.3720975  -0.62060827 -4.068511   -5.377567  ]]
------ 11 ------
Input Embeddings: [[ 0.046875    0.01501465  0.05883789 -0.06738281  0.00534058]]
Processing Layer: 0
After splitting heads:
Key: [[ 1.7562017   1.064066    0.31014082 -1.1549518  -1.1876345 ]]
Query: [[ 0.481157    0.5760909   0.10954342 -0.32065186 -1.0851889 ]]
Value: [[-0.08211695 -0.00724937 -0.01010623 -0.00999463 -0.0296945 ]]
Position Embeddings (cos, sin): [[-0.9943675   0.9999673  -0.47576943 -0.9895576  -0.82724524]] [[ 0.10598751  0.00808982 -0.87957     0.14413789  0.561841  ]]
After applying rotary embeddings:
Key: [[-1.698811   1.0704156  1.4311421  1.1875024  0.2635458]]
Query: [[-0.51405966  0.57346815  0.24699023  0.40214142  0.7513261 ]]
dict_keys(['cached_key', 'cached_value', 'cache_index'])
(1, 100, 4, 256)
90
first causal (1, 1, 1, 100)
second causal (1, 1, 1, 100)
first attention_mask (1, 100)
second attention_mask (1, 1, 1, 100)
After preparing attention bias:
Key: [[-0.5235454   0.94829047  0.09962852 -0.34766498 -1.004601  ]
 [ 0.4673321   0.6531818   0.29954186 -0.5924259  -0.13142833]
 [-1.102276    0.6347286  -1.8175727  -0.01162603 -1.0346551 ]
 [ 0.5819839  -1.1085202   0.57704896  0.21239331  0.9391506 ]
 [-1.9051143  -1.1454301   0.46399736  1.4405429   1.0803161 ]]
Query: [[-0.51405966  0.57346815  0.24699023  0.40214142  0.7513261 ]]
Value: [[-0.0086463  -0.00802097  0.0028149   0.00394865  0.01621166]
 [ 0.00596379 -0.00103219  0.00024112 -0.00405223  0.00370434]
 [ 0.02702971  0.02298634 -0.00381298  0.00481964  0.07446295]
 [-0.01326262 -0.00428154  0.02002781  0.00356472 -0.00275465]
 [-0.01471494  0.00847674 -0.0012339  -0.00600279 -0.00017791]]
Attention Bias: [[0. 0. 0. 0. 0.]]
Attention Weights: [[0.00657351 0.00683786 0.00065142 0.01571405 0.00135727]]
Attention Output: [[-7.6917671e-03 -2.5162268e-03 -7.3433446e-05  2.0529388e-04
   7.2757713e-05]
 [-5.2768132e-03 -1.9072441e-03  8.0119353e-06  4.5234853e-04
   9.3873625e-04]
 [-4.6462906e-03 -1.6931349e-03  8.0252287e-04  8.8368717e-04
   5.7247689e-04]
 [-4.2659040e-03  4.6889834e-02 -7.3260199e-03  1.0308574e-03
   2.3558829e-04]
 [ 1.2715387e-03 -1.6121271e-01 -8.1489282e-03  5.3744169e-04
  -1.2633874e-03]]
Final Attention Output: [[ 0.02694603  0.00241861 -0.00715087  0.00543086  0.00228899]]
After Self Attention: [[ 0.02694603  0.00241861 -0.00715087  0.00543086  0.00228899]]
+ Residual: [[ 0.046875    0.01501465  0.05883789 -0.06738281  0.00534058]]
Input to MLP: [[ 0.1876853   0.04502929  0.13193454 -0.15876396  0.01947498]]
Output of MLP: [[ 0.9021175   1.3026934  -0.15614747 -3.9382112  -0.1118418 ]]
After MLP: [[ 0.9021175   1.3026934  -0.15614747 -3.9382112  -0.1118418 ]]
+ Residual: [[ 0.07382103  0.01743326  0.05168702 -0.06195195  0.00762957]]
Processing Layer: 1
After splitting heads:
Key: [[-1.2717254  -2.9333577  -1.6690892   0.91972387  0.41882947]]
Query: [[-0.46681678 -0.18794192 -1.6937954  -0.556592    0.06885549]]
Value: [[-0.50613236 -0.30862173  0.59490705  0.4265184   0.07369944]]
Position Embeddings (cos, sin): [[-0.9943675   0.9999673  -0.47576943 -0.9895576  -0.82724524]] [[ 0.10598751  0.00808982 -0.87957     0.14413789  0.561841  ]]
After applying rotary embeddings:
Key: [[ 0.9029131  -2.9395401  -1.1427933  -0.60900736  0.47723934]]
Query: [[ 0.26067898 -0.18530384  0.5175439   0.7061337   0.5502555 ]]
dict_keys(['cached_key', 'cached_value', 'cache_index'])
(1, 100, 4, 256)
90
first causal (1, 1, 1, 100)
second causal (1, 1, 1, 100)
first attention_mask (1, 100)
second attention_mask (1, 1, 1, 100)
After preparing attention bias:
Key: [[ 0.23551019 -0.58787084  0.8931058   0.03546891 -0.61331457]
 [-3.4842038  -2.5823421   2.6251893  -0.6500144  -1.0098015 ]
 [-5.1299706   2.9024794   1.653559    1.867208    0.20626378]
 [-0.9040756   0.9786203   0.1259701   0.93264747  0.6661249 ]
 [ 3.4317875   2.6850042   2.2295992  -0.7157977  -0.76062685]]
Query: [[ 0.26067898 -0.18530384  0.5175439   0.7061337   0.5502555 ]]
Value: [[-0.30203187 -0.01090051 -0.02799009  0.11312769  0.03193391]
 [ 0.02440363  0.03492991  0.15970358  0.09944703  0.44947106]
 [-0.00216836  0.47415504 -0.43547857  0.22922125  0.39244246]
 [ 0.34359306  0.13954903  0.16874264  0.27897012  0.09575688]
 [-0.45459837  0.30241638  0.13337684 -0.95822626  0.28070697]]
Attention Bias: [[0. 0. 0. 0. 0.]]
Attention Weights: [[0.0573894  0.00149389 0.0015727  0.01725097 0.0016316 ]]
Attention Output: [[ 0.04064643 -0.06018799  0.02242724  0.12772578  0.02071349]
 [ 0.09125204 -0.0152177   0.03601218 -0.00531916  0.0186369 ]
 [-0.12732737 -0.11476238  0.05694667  0.10842882  0.00952682]
 [ 0.00357992  0.05085474 -0.08944851 -0.06037955  0.068029  ]
 [ 0.0357842  -0.09976777 -0.01873637 -0.03386012  0.08581513]]
Final Attention Output: [[-0.3679926   0.13283421 -0.1367346  -0.43212944  0.10792346]]
After Self Attention: [[-0.3679926   0.13283421 -0.1367346  -0.43212944  0.10792346]]
+ Residual: [[ 0.9759385   1.3201267  -0.10446045 -4.000163   -0.10421223]]
Input to MLP: [[ 6.3363217e-02  1.4133932e-01 -2.7974721e-02 -4.2405197e-01
   3.8878698e-04]]
Output of MLP: [[ 1.1716172   0.43585268  0.53370315 -0.7482929  -0.10318383]]
After MLP: [[ 1.1716172   0.43585268  0.53370315 -0.7482929  -0.10318383]]
+ Residual: [[ 6.0794592e-01  1.4529608e+00 -2.4119505e-01 -4.4322925e+00
   3.7112311e-03]]
After Normalization: [[ 1.423446    1.510834    0.25503045 -3.9366798  -0.08076015]]
Logits: [[ 0.87677556  3.27444     1.2901     -2.1708498   0.5611262 ]]
------ 12 ------
Input Embeddings: [[-0.05029297 -0.00631714  0.04760742  0.00105286  0.03930664]]
Processing Layer: 0
After splitting heads:
Key: [[ 1.1199496   1.0938042   0.3297153  -0.7788008  -0.79710215]]
Query: [[-0.16299054  0.0138346   0.33251697 -0.04475223 -0.17237298]]
Value: [[-0.00104898  0.02448572  0.00983771  0.00201301 -0.01050313]]
Position Embeddings (cos, sin): [[-0.62644446  0.61707217  0.3050668  -0.8371445  -0.998608  ]] [[-0.7794661   0.78690654 -0.95233095 -0.5469818  -0.05274564]]
After applying rotary embeddings:
Key: [[-1.1218514   1.4063299   1.138263    0.46953487  0.85755086]]
Query: [[ 0.11029011  0.0596624  -0.1686292   0.04059299  0.18545732]]
dict_keys(['cached_key', 'cached_value', 'cache_index'])
(1, 100, 4, 256)
91
first causal (1, 1, 1, 100)
second causal (1, 1, 1, 100)
first attention_mask (1, 100)
second attention_mask (1, 1, 1, 100)
After preparing attention bias:
Key: [[-0.5235454   0.94829047  0.09962852 -0.34766498 -1.004601  ]
 [ 0.4673321   0.6531818   0.29954186 -0.5924259  -0.13142833]
 [-1.102276    0.6347286  -1.8175727  -0.01162603 -1.0346551 ]
 [ 0.5819839  -1.1085202   0.57704896  0.21239331  0.9391506 ]
 [-1.9051143  -1.1454301   0.46399736  1.4405429   1.0803161 ]]
Query: [[ 0.11029011  0.0596624  -0.1686292   0.04059299  0.18545732]]
Value: [[-0.0086463  -0.00802097  0.0028149   0.00394865  0.01621166]
 [ 0.00596379 -0.00103219  0.00024112 -0.00405223  0.00370434]
 [ 0.02702971  0.02298634 -0.00381298  0.00481964  0.07446295]
 [-0.01326262 -0.00428154  0.02002781  0.00356472 -0.00275465]
 [-0.01471494  0.00847674 -0.0012339  -0.00600279 -0.00017791]]
Attention Bias: [[0. 0. 0. 0. 0.]]
Attention Weights: [[0.00347211 0.00651201 0.00108372 0.01203149 0.00211882]]
Attention Output: [[-6.6806143e-03 -1.8691681e-03 -1.4537355e-03 -2.4456327e-05
  -1.7027457e-03]
 [-5.4126568e-03 -1.3849244e-03  3.0768837e-04  5.4297899e-04
   7.2664360e-04]
 [-5.1169069e-03 -6.8478106e-04 -4.2739516e-04  8.2034338e-04
  -1.3715108e-03]
 [-4.5401584e-03  3.3242173e-02 -7.6288646e-03  2.1858767e-03
   1.7623703e-03]
 [ 1.0768336e-04 -8.8442206e-02 -6.8943668e-03 -2.5671849e-04
  -2.1711504e-04]]
Final Attention Output: [[ 0.0072413   0.00523156 -0.0017924  -0.00029479 -0.00562039]]
After Self Attention: [[ 0.0072413   0.00523156 -0.0017924  -0.00029479 -0.00562039]]
+ Residual: [[-0.05029297 -0.00631714  0.04760742  0.00105286  0.03930664]]
Input to MLP: [[-0.1064968  -0.00272818  0.11378403  0.00189018  0.0836616 ]]
Output of MLP: [[-0.38514253 -0.83784246  0.68271637 -0.14395699 -0.8611356 ]]
After MLP: [[-0.38514253 -0.83784246  0.68271637 -0.14395699 -0.8611356 ]]
+ Residual: [[-0.04305166 -0.00108558  0.04581502  0.00075807  0.03368625]]
Processing Layer: 1
After splitting heads:
Key: [[-2.1206572  -1.8027784   0.03315099  2.2492316   1.4489279 ]]
Query: [[ 1.365288   -3.408414   -1.7699305  -0.57152504 -2.277493  ]]
Value: [[ 0.11568723 -0.59425503 -0.1580457  -0.05832451  0.23592913]]
Position Embeddings (cos, sin): [[-0.62644446  0.61707217  0.3050668  -0.8371445  -0.998608  ]] [[-0.7794661   0.78690654 -0.95233095 -0.5469818  -0.05274564]]
After applying rotary embeddings:
Key: [[ 6.8279414  -0.41418308 -3.075417   -2.848413   -1.5562973 ]]
Query: [[ 1.9014349  -3.5534554  -1.9172819  -0.43096083  2.1959405 ]]
dict_keys(['cached_key', 'cached_value', 'cache_index'])
(1, 100, 4, 256)
91
first causal (1, 1, 1, 100)
second causal (1, 1, 1, 100)
first attention_mask (1, 100)
second attention_mask (1, 1, 1, 100)
After preparing attention bias:
Key: [[ 0.23551019 -0.58787084  0.8931058   0.03546891 -0.61331457]
 [-3.4842038  -2.5823421   2.6251893  -0.6500144  -1.0098015 ]
 [-5.1299706   2.9024794   1.653559    1.867208    0.20626378]
 [-0.9040756   0.9786203   0.1259701   0.93264747  0.6661249 ]
 [ 3.4317875   2.6850042   2.2295992  -0.7157977  -0.76062685]]
Query: [[ 1.9014349  -3.5534554  -1.9172819  -0.43096083  2.1959405 ]]
Value: [[-0.30203187 -0.01090051 -0.02799009  0.11312769  0.03193391]
 [ 0.02440363  0.03492991  0.15970358  0.09944703  0.44947106]
 [-0.00216836  0.47415504 -0.43547857  0.22922125  0.39244246]
 [ 0.34359306  0.13954903  0.16874264  0.27897012  0.09575688]
 [-0.45459837  0.30241638  0.13337684 -0.95822626  0.28070697]]
Attention Bias: [[0. 0. 0. 0. 0.]]
Attention Weights: [[2.2040006e-02 7.9456076e-05 7.6328623e-05 3.4495275e-03 6.3332991e-04]]
Attention Output: [[-0.3649366  -0.23647106  0.4053903   0.3014411   0.06712763]
 [-0.06913447 -0.05631159  0.04718053  0.01531618  0.05983722]
 [-0.2560614  -0.38303003  0.28547058  0.23356828  0.12419928]
 [ 0.04134514 -0.01535343 -0.07321879 -0.02741503  0.19929832]
 [ 0.02902063 -0.11365736  0.03798486 -0.06827867  0.06519355]]
Final Attention Output: [[-1.1083397   0.02128505  0.6301841  -1.6923295  -0.08882301]]
After Self Attention: [[-1.1083397   0.02128505  0.6301841  -1.6923295  -0.08882301]]
+ Residual: [[-0.4281942  -0.83892804  0.72853136 -0.14319892 -0.8274493 ]]
Input to MLP: [[-0.23119143 -0.11482332  0.22750098 -0.25351822 -0.13857205]]
Output of MLP: [[0.30566046 0.64159745 0.6052814  1.6507473  0.4344211 ]]
After MLP: [[0.30566046 0.64159745 0.6052814  1.6507473  0.4344211 ]]
+ Residual: [[-1.5365338  -0.817643    1.3587155  -1.8355285  -0.91627234]]
After Normalization: [[-1.2576174  -0.17987059  2.1872702  -0.17935625 -0.49970552]]
Logits: [[ 2.1234705  5.5321794  2.1885934 -1.5348487  0.7899623]]
------ 13 ------
Input Embeddings: [[-0.01177979  0.03369141 -0.01757812  0.00778198  0.02966309]]
Processing Layer: 0
After splitting heads:
Key: [[ 1.9279648   0.70468587 -0.00763357 -0.9493047  -0.77321535]]
Query: [[ 0.32412153  0.11179806 -0.41960555  0.38582593 -0.5387534 ]]
Value: [[0.01532017 0.0802899  0.01278915 0.01872839 0.01249349]]
Position Embeddings (cos, sin): [[ 0.3174287  -0.23057953  0.8982838  -0.26543307 -0.76345295]] [[-0.9482821   0.97305346 -0.4394158  -0.96412927 -0.6458634 ]]
After applying rotary embeddings:
Key: [[ 0.2205157   0.34853494  0.74746406 -0.02330008  1.0296803 ]]
Query: [[ 0.62277997  0.05973798 -0.15561102 -0.11109288  0.60362446]]
dict_keys(['cached_key', 'cached_value', 'cache_index'])
(1, 100, 4, 256)
92
first causal (1, 1, 1, 100)
second causal (1, 1, 1, 100)
first attention_mask (1, 100)
second attention_mask (1, 1, 1, 100)
After preparing attention bias:
Key: [[-0.5235454   0.94829047  0.09962852 -0.34766498 -1.004601  ]
 [ 0.4673321   0.6531818   0.29954186 -0.5924259  -0.13142833]
 [-1.102276    0.6347286  -1.8175727  -0.01162603 -1.0346551 ]
 [ 0.5819839  -1.1085202   0.57704896  0.21239331  0.9391506 ]
 [-1.9051143  -1.1454301   0.46399736  1.4405429   1.0803161 ]]
Query: [[ 0.62277997  0.05973798 -0.15561102 -0.11109288  0.60362446]]
Value: [[-0.0086463  -0.00802097  0.0028149   0.00394865  0.01621166]
 [ 0.00596379 -0.00103219  0.00024112 -0.00405223  0.00370434]
 [ 0.02702971  0.02298634 -0.00381298  0.00481964  0.07446295]
 [-0.01326262 -0.00428154  0.02002781  0.00356472 -0.00275465]
 [-0.01471494  0.00847674 -0.0012339  -0.00600279 -0.00017791]]
Attention Bias: [[0. 0. 0. 0. 0.]]
Attention Weights: [[0.00427654 0.00936452 0.00140813 0.02006284 0.00162342]]
Attention Output: [[-0.00420085 -0.00132063 -0.00120077  0.00012318  0.00084569]
 [-0.00407028 -0.00124599 -0.00130555  0.00045141  0.00096451]
 [-0.00450887 -0.00139339 -0.00040162  0.00057166  0.00145576]
 [-0.00232922  0.05484853 -0.00770972  0.00039498 -0.00057352]
 [-0.00109728 -0.059314   -0.00680053 -0.00032165 -0.00010382]]
Final Attention Output: [[ 0.0110748   0.01423016 -0.00899092  0.00345772 -0.00453228]]
After Self Attention: [[ 0.0110748   0.01423016 -0.00899092  0.00345772 -0.00453228]]
+ Residual: [[-0.01177979  0.03369141 -0.01757812  0.00778198  0.02966309]]
Input to MLP: [[-0.00215073  0.14852567 -0.08137795  0.03456253  0.07697281]]
Output of MLP: [[ 1.2759795  0.9461547 -1.8166186 -4.4300127  0.4469686]]
After MLP: [[ 1.2759795  0.9461547 -1.8166186 -4.4300127  0.4469686]]
+ Residual: [[-0.00070499  0.04792157 -0.02656904  0.0112397   0.02513081]]
Processing Layer: 1
After splitting heads:
Key: [[-1.870431   -3.7344387  -1.0221301   1.3611882   0.45659503]]
Query: [[ 0.11570711 -1.5747633  -1.1146616  -0.8845394   0.98675686]]
Value: [[-0.45799717  0.01620797  0.59828025  0.13259085 -1.00084   ]]
Position Embeddings (cos, sin): [[ 0.3174287  -0.23057953  0.8982838  -0.26543307 -0.76345295]] [[-0.9482821   0.97305346 -0.4394158  -0.96412927 -0.6458634 ]]
After applying rotary embeddings:
Key: [[ 5.59521    0.6652908 -2.5918045 -2.4595768 -1.0883446]]
Query: [[ 3.6345088  -0.68348026 -1.4783478  -0.8978045  -2.2548568 ]]
dict_keys(['cached_key', 'cached_value', 'cache_index'])
(1, 100, 4, 256)
92
first causal (1, 1, 1, 100)
second causal (1, 1, 1, 100)
first attention_mask (1, 100)
second attention_mask (1, 1, 1, 100)
After preparing attention bias:
Key: [[ 0.23551019 -0.58787084  0.8931058   0.03546891 -0.61331457]
 [-3.4842038  -2.5823421   2.6251893  -0.6500144  -1.0098015 ]
 [-5.1299706   2.9024794   1.653559    1.867208    0.20626378]
 [-0.9040756   0.9786203   0.1259701   0.93264747  0.6661249 ]
 [ 3.4317875   2.6850042   2.2295992  -0.7157977  -0.76062685]]
Query: [[ 3.6345088  -0.68348026 -1.4783478  -0.8978045  -2.2548568 ]]
Value: [[-0.30203187 -0.01090051 -0.02799009  0.11312769  0.03193391]
 [ 0.02440363  0.03492991  0.15970358  0.09944703  0.44947106]
 [-0.00216836  0.47415504 -0.43547857  0.22922125  0.39244246]
 [ 0.34359306  0.13954903  0.16874264  0.27897012  0.09575688]
 [-0.45459837  0.30241638  0.13337684 -0.95822626  0.28070697]]
Attention Bias: [[0. 0. 0. 0. 0.]]
Attention Weights: [[0.14874335 0.00061219 0.00016199 0.00656887 0.00262115]]
Attention Output: [[-0.07950833 -0.1399695   0.01648359  0.00685624  0.01958666]
 [-0.05381719 -0.04550883  0.04756057 -0.00619616  0.01891357]
 [-0.17203082 -0.15940449  0.1680351   0.0316372  -0.28396186]
 [ 0.17264557  0.00939582 -0.11521124 -0.00701888  0.30363095]
 [ 0.02551692 -0.0969751  -0.04829178 -0.03630744  0.09226128]]
Final Attention Output: [[-0.61166286  0.626241   -0.48998824 -0.4651238  -0.29649988]]
After Self Attention: [[-0.61166286  0.626241   -0.48998824 -0.4651238  -0.29649988]]
+ Residual: [[ 1.2752745   0.99407625 -1.8431876  -4.418773    0.4720994 ]]
Input to MLP: [[ 0.07973929  0.18171686 -0.31198305 -0.53869545  0.02120817]]
Output of MLP: [[ 1.184482  -0.6973775 -0.3142405 -1.2828665  1.334947 ]]
After MLP: [[ 1.184482  -0.6973775 -0.3142405 -1.2828665  1.334947 ]]
+ Residual: [[ 0.66361165  1.6203172  -2.333176   -4.883897    0.17559952]]
After Normalization: [[ 1.6417745  0.8199038 -2.5635295 -5.204397   1.3620394]]
Logits: [[-0.80465627 -0.04530827 -2.4873347  -2.7139614  -3.426011  ]]
------ 14 ------
Input Embeddings: [[-0.02600098 -0.03369141  0.078125    0.01013184  0.01721191]]
Processing Layer: 0
After splitting heads:
Key: [[ 1.4678311   0.96711636  0.26194564 -1.1708734  -0.83357364]]
Query: [[-0.02403663 -0.19486494  0.0179208  -0.01474139  0.04489771]]
Value: [[-0.01113936 -0.0041152  -0.03494921  0.02157417 -0.01985752]]
Position Embeddings (cos, sin): [[ 0.96945935 -0.9045638   0.9390667   0.43923166 -0.21751025]] [[-0.24525198  0.42633834  0.34373492 -0.89837384 -0.976058  ]]
After applying rotary embeddings:
Key: [[ 1.2250957  -0.5713661  -0.25995708 -0.62422156  0.9885491 ]]
Query: [[-0.01976012  0.3589689   0.02534031  0.32145694  0.64082915]]
dict_keys(['cached_key', 'cached_value', 'cache_index'])
(1, 100, 4, 256)
93
first causal (1, 1, 1, 100)
second causal (1, 1, 1, 100)
first attention_mask (1, 100)
second attention_mask (1, 1, 1, 100)
After preparing attention bias:
Key: [[-0.5235454   0.94829047  0.09962852 -0.34766498 -1.004601  ]
 [ 0.4673321   0.6531818   0.29954186 -0.5924259  -0.13142833]
 [-1.102276    0.6347286  -1.8175727  -0.01162603 -1.0346551 ]
 [ 0.5819839  -1.1085202   0.57704896  0.21239331  0.9391506 ]
 [-1.9051143  -1.1454301   0.46399736  1.4405429   1.0803161 ]]
Query: [[-0.01976012  0.3589689   0.02534031  0.32145694  0.64082915]]
Value: [[-0.0086463  -0.00802097  0.0028149   0.00394865  0.01621166]
 [ 0.00596379 -0.00103219  0.00024112 -0.00405223  0.00370434]
 [ 0.02702971  0.02298634 -0.00381298  0.00481964  0.07446295]
 [-0.01326262 -0.00428154  0.02002781  0.00356472 -0.00275465]
 [-0.01471494  0.00847674 -0.0012339  -0.00600279 -0.00017791]]
Attention Bias: [[0. 0. 0. 0. 0.]]
Attention Weights: [[0.00710593 0.00654582 0.00084791 0.01611746 0.00183639]]
Attention Output: [[-6.3421084e-03 -5.8411539e-04 -1.3018125e-03  1.5972145e-03
  -3.0777883e-04]
 [-5.2845292e-03 -1.5191750e-03 -8.4586244e-04  1.2839674e-03
   8.2623214e-04]
 [-4.8066368e-03  2.4671478e-03 -8.6381182e-04  1.7253424e-03
  -4.1123144e-03]
 [-3.9372761e-03 -1.8901873e-01 -3.7661903e-03 -1.9221816e-03
  -7.9691195e-04]
 [-1.3236405e-04 -1.0791981e-01 -6.8696369e-03 -2.1815882e-05
  -6.6636130e-06]]
Final Attention Output: [[ 0.0180567  -0.00850838 -0.00445982 -0.00955306 -0.00788165]]
After Self Attention: [[ 0.0180567  -0.00850838 -0.00445982 -0.00955306 -0.00788165]]
+ Residual: [[-0.02600098 -0.03369141  0.078125    0.01013184  0.01721191]]
Input to MLP: [[-0.01626299 -0.08776531  0.1514033   0.00119427  0.01917639]]
Output of MLP: [[ 0.7829442  -0.25446728  0.2545937   0.50934964  0.43509826]]
After MLP: [[ 0.7829442  -0.25446728  0.2545937   0.50934964  0.43509826]]
+ Residual: [[-0.00794427 -0.04219979  0.07366519  0.00057877  0.00933026]]
Processing Layer: 1
After splitting heads:
Key: [[-1.4741294 -1.5950391  0.7840302  2.751448   2.5003533]]
Query: [[ 0.65074015 -4.4083605  -1.870482   -0.5697744  -1.1726695 ]]
Value: [[-0.1248121   0.14277592 -1.0293883  -0.37686172  0.25882235]]
Position Embeddings (cos, sin): [[ 0.96945935 -0.9045638   0.9390667   0.43923166 -0.21751025]] [[-0.24525198  0.42633834  0.34373492 -0.89837384 -0.976058  ]]
After applying rotary embeddings:
Key: [[-0.01062059  2.5944285   1.5560007  -0.19907582 -1.6703794 ]]
Query: [[ 1.6464024  2.722073  -1.2443767 -1.796416  -1.845202 ]]
dict_keys(['cached_key', 'cached_value', 'cache_index'])
(1, 100, 4, 256)
93
first causal (1, 1, 1, 100)
second causal (1, 1, 1, 100)
first attention_mask (1, 100)
second attention_mask (1, 1, 1, 100)
After preparing attention bias:
Key: [[ 0.23551019 -0.58787084  0.8931058   0.03546891 -0.61331457]
 [-3.4842038  -2.5823421   2.6251893  -0.6500144  -1.0098015 ]
 [-5.1299706   2.9024794   1.653559    1.867208    0.20626378]
 [-0.9040756   0.9786203   0.1259701   0.93264747  0.6661249 ]
 [ 3.4317875   2.6850042   2.2295992  -0.7157977  -0.76062685]]
Query: [[ 1.6464024  2.722073  -1.2443767 -1.796416  -1.845202 ]]
Value: [[-0.30203187 -0.01090051 -0.02799009  0.11312769  0.03193391]
 [ 0.02440363  0.03492991  0.15970358  0.09944703  0.44947106]
 [-0.00216836  0.47415504 -0.43547857  0.22922125  0.39244246]
 [ 0.34359306  0.13954903  0.16874264  0.27897012  0.09575688]
 [-0.45459837  0.30241638  0.13337684 -0.95822626  0.28070697]]
Attention Bias: [[0. 0. 0. 0. 0.]]
Attention Weights: [[0.0615856  0.00128752 0.00025497 0.00181046 0.00011088]]
Attention Output: [[-0.28454217 -0.01598531  0.29623985  0.05951698 -0.5250012 ]
 [-0.1119837  -0.04526814  0.06342547 -0.00987954 -0.02813708]
 [-0.4169399   0.01654725  0.47890407  0.09848581 -0.87480783]
 [ 0.24544582  0.05306058 -0.03343846  0.22078092  0.25385463]
 [ 0.05252011 -0.08834667  0.03436313 -0.06165528  0.05225832]]
Final Attention Output: [[-1.3973914   0.616141   -0.1638635  -0.8724777  -0.26880634]]
After Self Attention: [[-1.3973914   0.616141   -0.1638635  -0.8724777  -0.26880634]]
+ Residual: [[ 0.7749999  -0.29666707  0.32825887  0.5099284   0.44442853]]
Input to MLP: [[-0.11544491  0.05530741  0.03393328 -0.06173005  0.03274251]]
Output of MLP: [[ 1.1571182  -0.4809708   1.0366589   0.21428408 -0.07190952]]
After MLP: [[ 1.1571182  -0.4809708   1.0366589   0.21428408 -0.07190952]]
+ Residual: [[-0.6223915   0.31947395  0.16439538 -0.3625493   0.1756222 ]]
After Normalization: [[ 0.5539507  -0.16730285  1.3562145  -0.14591576  0.10905288]]
Logits: [[ 0.10526125 -1.586313    3.510921   -1.0153415  -2.130139  ]]
------ 15 ------
Input Embeddings: [[-0.04443359 -0.08007812  0.02954102  0.00970459 -0.0267334 ]]
Processing Layer: 0
After splitting heads:
Key: [[ 0.42633018  1.1877984   0.64678913 -0.7968644  -0.6377536 ]]
Query: [[ 0.90805924  0.78498113  0.7861412  -0.31625518 -0.7577361 ]]
Value: [[-0.00364886  0.00725918 -0.0219216   0.01658916  0.02617177]]
Position Embeddings (cos, sin): [[ 0.7301735  -0.89727044  0.40233457  0.9238957   0.41697696]] [[ 0.6832617  -0.4414813   0.9154927  -0.38264436 -0.90891707]]
After applying rotary embeddings:
Key: [[ 0.57640785 -1.361738    0.31855416 -1.0156122   0.5045176 ]]
Query: [[ 0.34597707 -0.58597165  0.1480035  -0.54642236  0.06883562]]
dict_keys(['cached_key', 'cached_value', 'cache_index'])
(1, 100, 4, 256)
94
first causal (1, 1, 1, 100)
second causal (1, 1, 1, 100)
first attention_mask (1, 100)
second attention_mask (1, 1, 1, 100)
After preparing attention bias:
Key: [[-0.5235454   0.94829047  0.09962852 -0.34766498 -1.004601  ]
 [ 0.4673321   0.6531818   0.29954186 -0.5924259  -0.13142833]
 [-1.102276    0.6347286  -1.8175727  -0.01162603 -1.0346551 ]
 [ 0.5819839  -1.1085202   0.57704896  0.21239331  0.9391506 ]
 [-1.9051143  -1.1454301   0.46399736  1.4405429   1.0803161 ]]
Query: [[ 0.34597707 -0.58597165  0.1480035  -0.54642236  0.06883562]]
Value: [[-0.0086463  -0.00802097  0.0028149   0.00394865  0.01621166]
 [ 0.00596379 -0.00103219  0.00024112 -0.00405223  0.00370434]
 [ 0.02702971  0.02298634 -0.00381298  0.00481964  0.07446295]
 [-0.01326262 -0.00428154  0.02002781  0.00356472 -0.00275465]
 [-0.01471494  0.00847674 -0.0012339  -0.00600279 -0.00017791]]
Attention Bias: [[0. 0. 0. 0. 0.]]
Attention Weights: [[0.00481391 0.00779734 0.00067429 0.02094735 0.00047761]]
Attention Output: [[-0.00481527 -0.00144474 -0.00060938  0.00092965  0.0026161 ]
 [-0.00495041 -0.00131991 -0.00231323  0.0017418   0.00078594]
 [-0.00342901  0.00593905 -0.00457482  0.00542317 -0.00249457]
 [-0.00398345  0.0362526  -0.00742662  0.00126564  0.00113018]
 [ 0.00308915 -0.15130815 -0.00743605 -0.000268   -0.00298998]]
Final Attention Output: [[-0.01491683 -0.00165652 -0.02225017 -0.01780971  0.00751112]]
After Self Attention: [[-0.01491683 -0.00165652 -0.02225017 -0.01780971  0.00751112]]
+ Residual: [[-0.04443359 -0.08007812  0.02954102  0.00970459 -0.0267334 ]]
Input to MLP: [[-0.1165138  -0.16301449  0.01437005 -0.01603835 -0.03788657]]
Output of MLP: [[-0.359992    0.20790379 -0.41165468  0.86930835 -0.17671613]]
After MLP: [[-0.359992    0.20790379 -0.41165468  0.86930835 -0.17671613]]
+ Residual: [[-0.05935042 -0.08173465  0.00729085 -0.00810512 -0.01922228]]
Processing Layer: 1
After splitting heads:
Key: [[-0.6488158  -3.0006018   1.0926566   0.8212405   0.22973278]]
Query: [[-0.18829212 -0.21290345 -1.9675897  -0.97604895  1.5475674 ]]
Value: [[1.2026027  0.07450659 0.47466323 0.21912    0.5192182 ]]
Position Embeddings (cos, sin): [[ 0.7301735  -0.89727044  0.40233457  0.9238957   0.41697696]] [[ 0.6832617  -0.4414813   0.9154927  -0.38264436 -0.90891707]]
After applying rotary embeddings:
Key: [[-3.2226121   2.7011042   3.0599592  -0.11617935 -0.61767924]]
Query: [[-1.3800871   0.19932842  0.29356188 -1.2311609  -0.40312946]]
dict_keys(['cached_key', 'cached_value', 'cache_index'])
(1, 100, 4, 256)
94
first causal (1, 1, 1, 100)
second causal (1, 1, 1, 100)
first attention_mask (1, 100)
second attention_mask (1, 1, 1, 100)
After preparing attention bias:
Key: [[ 0.23551019 -0.58787084  0.8931058   0.03546891 -0.61331457]
 [-3.4842038  -2.5823421   2.6251893  -0.6500144  -1.0098015 ]
 [-5.1299706   2.9024794   1.653559    1.867208    0.20626378]
 [-0.9040756   0.9786203   0.1259701   0.93264747  0.6661249 ]
 [ 3.4317875   2.6850042   2.2295992  -0.7157977  -0.76062685]]
Query: [[-1.3800871   0.19932842  0.29356188 -1.2311609  -0.40312946]]
Value: [[-0.30203187 -0.01090051 -0.02799009  0.11312769  0.03193391]
 [ 0.02440363  0.03492991  0.15970358  0.09944703  0.44947106]
 [-0.00216836  0.47415504 -0.43547857  0.22922125  0.39244246]
 [ 0.34359306  0.13954903  0.16874264  0.27897012  0.09575688]
 [-0.45459837  0.30241638  0.13337684 -0.95822626  0.28070697]]
Attention Bias: [[0. 0. 0. 0. 0.]]
Attention Weights: [[0.1141017  0.00501954 0.00127867 0.01482996 0.00029261]]
Attention Output: [[ 0.01920701 -0.02268567 -0.03089565 -0.01232497  0.05360982]
 [ 0.01595724 -0.04287831  0.03783806 -0.01722716  0.03930666]
 [ 0.00423105 -0.01442043 -0.1371206  -0.04365611  0.08362908]
 [ 0.1458961   0.03922913 -0.04741726 -0.08859204  0.17949936]
 [ 0.03164269 -0.09534927 -0.00265944 -0.05562297  0.07820897]]
Final Attention Output: [[-0.2880471   0.17020094 -0.82492155  0.16982538  0.16467674]]
After Self Attention: [[-0.2880471   0.17020094 -0.82492155  0.16982538  0.16467674]]
+ Residual: [[-0.41934243  0.12616915 -0.40436384  0.86120325 -0.19593841]]
Input to MLP: [[-0.11608762  0.045394   -0.22449419  0.15531608 -0.00515657]]
Output of MLP: [[ 0.44641268  1.1838825  -0.32656077  1.0422481  -0.6589329 ]]
After MLP: [[ 0.44641268  1.1838825  -0.32656077  1.0422481  -0.6589329 ]]
+ Residual: [[-0.70738953  0.2963701  -1.2292854   1.0310286  -0.03126167]]
After Normalization: [[-0.30354014  1.7216702  -1.9724559   2.2908416  -0.81480134]]
Logits: [[-2.8372467  -0.16046341 -6.387799   -2.7972012  -0.46911794]]
------ 16 ------
Input Embeddings: [[-0.01635742 -0.01208496 -0.07128906 -0.01611328  0.01171875]]
Processing Layer: 0
After splitting heads:
Key: [[ 1.2339504  1.0208058  0.5378869 -0.9884908 -0.5292485]]
Query: [[ 0.15326162 -0.04353524  0.23425965 -0.07836037  0.15857175]]
Value: [[ 0.04835682  0.00513007 -0.00993105  0.02275839  0.0096612 ]]
Position Embeddings (cos, sin): [[-0.18043046 -0.21419267 -0.3818357   0.9458049   0.8817204 ]] [[ 0.98358774 -0.97679144  0.9242302   0.32473534 -0.4717723 ]]
After applying rotary embeddings:
Key: [[ 0.46055585 -0.7481971  -1.1425736  -0.8563288  -0.02321243]]
Query: [[ 0.13671075  0.08025337 -0.08917179 -0.09709668  0.27626193]]
dict_keys(['cached_key', 'cached_value', 'cache_index'])
(1, 100, 4, 256)
95
first causal (1, 1, 1, 100)
second causal (1, 1, 1, 100)
first attention_mask (1, 100)
second attention_mask (1, 1, 1, 100)
After preparing attention bias:
Key: [[-0.5235454   0.94829047  0.09962852 -0.34766498 -1.004601  ]
 [ 0.4673321   0.6531818   0.29954186 -0.5924259  -0.13142833]
 [-1.102276    0.6347286  -1.8175727  -0.01162603 -1.0346551 ]
 [ 0.5819839  -1.1085202   0.57704896  0.21239331  0.9391506 ]
 [-1.9051143  -1.1454301   0.46399736  1.4405429   1.0803161 ]]
Query: [[ 0.13671075  0.08025337 -0.08917179 -0.09709668  0.27626193]]
Value: [[-0.0086463  -0.00802097  0.0028149   0.00394865  0.01621166]
 [ 0.00596379 -0.00103219  0.00024112 -0.00405223  0.00370434]
 [ 0.02702971  0.02298634 -0.00381298  0.00481964  0.07446295]
 [-0.01326262 -0.00428154  0.02002781  0.00356472 -0.00275465]
 [-0.01471494  0.00847674 -0.0012339  -0.00600279 -0.00017791]]
Attention Bias: [[0. 0. 0. 0. 0.]]
Attention Weights: [[0.00526859 0.00801628 0.0015911  0.01596054 0.00289525]]
Attention Output: [[-0.00424394 -0.00027805 -0.00202421  0.00204411  0.00070155]
 [-0.00468566 -0.00136304 -0.00059991  0.00118442  0.00145382]
 [-0.00433582  0.00051547 -0.00207584  0.002117   -0.00064676]
 [-0.0046535   0.0376975  -0.0078732   0.00188311  0.00195611]
 [-0.00109002 -0.10087966 -0.00637861 -0.00018483  0.00038531]]
Final Attention Output: [[-0.0138163   0.00218612 -0.00944637 -0.00122622 -0.00905255]]
After Self Attention: [[-0.0138163   0.00218612 -0.00944637 -0.00122622 -0.00905255]]
+ Residual: [[-0.01635742 -0.01208496 -0.07128906 -0.01611328  0.01171875]]
Input to MLP: [[-0.06997795 -0.02332293 -0.18798505 -0.04053366  0.006208  ]]
Output of MLP: [[ 0.03744482 -1.8604809  -0.532636   -1.0142232  -0.51006   ]]
After MLP: [[ 0.03744482 -1.8604809  -0.532636   -1.0142232  -0.51006   ]]
+ Residual: [[-0.03017372 -0.00989884 -0.08073543 -0.01733951  0.0026662 ]]
Processing Layer: 1
After splitting heads:
Key: [[-1.959683  -3.4477189  1.1788249  0.4226147  1.1623527]]
Query: [[ 1.3912604 -1.8116529 -2.8808093 -1.3063773 -0.3910739]]
Value: [[ 0.4794138  -0.02641393 -0.13985962 -1.0737249   0.4071551 ]]
Position Embeddings (cos, sin): [[-0.18043046 -0.21419267 -0.3818357   0.9458049   0.8817204 ]] [[ 0.98358774 -0.97679144  0.9242302   0.32473534 -0.4717723 ]]
After applying rotary embeddings:
Key: [[-6.0906615   0.4912995   2.0378206   1.1026505   0.31273854]]
Query: [[-3.1425388  2.6964338  1.053449  -1.0488443 -0.9210998]]
dict_keys(['cached_key', 'cached_value', 'cache_index'])
(1, 100, 4, 256)
95
first causal (1, 1, 1, 100)
second causal (1, 1, 1, 100)
first attention_mask (1, 100)
second attention_mask (1, 1, 1, 100)
After preparing attention bias:
Key: [[ 0.23551019 -0.58787084  0.8931058   0.03546891 -0.61331457]
 [-3.4842038  -2.5823421   2.6251893  -0.6500144  -1.0098015 ]
 [-5.1299706   2.9024794   1.653559    1.867208    0.20626378]
 [-0.9040756   0.9786203   0.1259701   0.93264747  0.6661249 ]
 [ 3.4317875   2.6850042   2.2295992  -0.7157977  -0.76062685]]
Query: [[-3.1425388  2.6964338  1.053449  -1.0488443 -0.9210998]]
Value: [[-0.30203187 -0.01090051 -0.02799009  0.11312769  0.03193391]
 [ 0.02440363  0.03492991  0.15970358  0.09944703  0.44947106]
 [-0.00216836  0.47415504 -0.43547857  0.22922125  0.39244246]
 [ 0.34359306  0.13954903  0.16874264  0.27897012  0.09575688]
 [-0.45459837  0.30241638  0.13337684 -0.95822626  0.28070697]]
Attention Bias: [[0. 0. 0. 0. 0.]]
Attention Weights: [[0.13813543 0.00101947 0.00064557 0.00824048 0.00047236]]
Attention Output: [[ 0.08599378 -0.00793291 -0.03182241 -0.0355555   0.09195599]
 [-0.06092428 -0.02637318  0.03049799 -0.01771704 -0.01806839]
 [ 0.4338791   0.02257886 -0.01704657 -0.13015145  0.28230143]
 [ 0.15249047  0.02394231 -0.07871778  0.07257766  0.20754933]
 [ 0.03696201 -0.08942896 -0.01784571 -0.05351448  0.06719269]]
Final Attention Output: [[-0.38487715  0.10603958 -0.6147908   0.36903837 -0.02403422]]
After Self Attention: [[-0.38487715  0.10603958 -0.6147908   0.36903837 -0.02403422]]
+ Residual: [[ 0.00727109 -1.8703797  -0.61337143 -1.0315627  -0.50739384]]
Input to MLP: [[-0.06615091 -0.28848016 -0.23942955 -0.10654109 -0.09357563]]
Output of MLP: [[0.30114627 0.47696468 0.5370415  0.7431269  0.13364264]]
After MLP: [[0.30114627 0.47696468 0.5370415  0.7431269  0.13364264]]
+ Residual: [[-0.37760606 -1.7643402  -1.2281623  -0.66252434 -0.53142804]]
After Normalization: [[-0.0864069  -1.4548578  -0.85132575  0.08653422 -0.4562787 ]]
Logits: [[-3.107366  -5.946684  -5.647759  -6.336456  -3.7194645]]
------ 17 ------
Input Embeddings: [[-0.00747681  0.01879883 -0.00634766  0.02612305  0.01556396]]
Processing Layer: 0
After splitting heads:
Key: [[ 1.5463785  1.1234523  0.309077  -1.3753655 -1.1521926]]
Query: [[ 0.7007913   0.3611738  -0.05230413 -0.31237635 -0.6151938 ]]
Value: [[-0.01528977 -0.02421951  0.00531196  0.02442421 -0.01169855]]
Position Embeddings (cos, sin): [[-0.92514753  0.6302107  -0.93117446  0.49398592  0.98753077]] [[ 0.37960774 -0.77642417  0.36457384  0.8694699   0.15742615]]
After applying rotary embeddings:
Key: [[-1.1894195   0.24476779 -0.6870065  -0.39729044 -1.2311479 ]]
Query: [[-0.5199546  -0.02537057 -0.11389153 -0.08507095 -0.7368521 ]]
dict_keys(['cached_key', 'cached_value', 'cache_index'])
(1, 100, 4, 256)
96
first causal (1, 1, 1, 100)
second causal (1, 1, 1, 100)
first attention_mask (1, 100)
second attention_mask (1, 1, 1, 100)
After preparing attention bias:
Key: [[-0.5235454   0.94829047  0.09962852 -0.34766498 -1.004601  ]
 [ 0.4673321   0.6531818   0.29954186 -0.5924259  -0.13142833]
 [-1.102276    0.6347286  -1.8175727  -0.01162603 -1.0346551 ]
 [ 0.5819839  -1.1085202   0.57704896  0.21239331  0.9391506 ]
 [-1.9051143  -1.1454301   0.46399736  1.4405429   1.0803161 ]]
Query: [[-0.5199546  -0.02537057 -0.11389153 -0.08507095 -0.7368521 ]]
Value: [[-0.0086463  -0.00802097  0.0028149   0.00394865  0.01621166]
 [ 0.00596379 -0.00103219  0.00024112 -0.00405223  0.00370434]
 [ 0.02702971  0.02298634 -0.00381298  0.00481964  0.07446295]
 [-0.01326262 -0.00428154  0.02002781  0.00356472 -0.00275465]
 [-0.01471494  0.00847674 -0.0012339  -0.00600279 -0.00017791]]
Attention Bias: [[0. 0. 0. 0. 0.]]
Attention Weights: [[0.00723262 0.00858665 0.00147158 0.01702016 0.00262541]]
Attention Output: [[-0.00436103 -0.00155449 -0.0010751   0.00266518  0.00177546]
 [-0.00391054 -0.00183029 -0.00233435  0.00155669  0.00138753]
 [-0.00214511  0.00282673 -0.00396492  0.00548404 -0.00180964]
 [-0.00432168  0.03227187 -0.00741207  0.00202866  0.0014494 ]
 [ 0.00050422 -0.10504843 -0.00745903  0.00169358  0.00011013]]
Final Attention Output: [[ 0.00084983  0.0054272   0.00105167 -0.00806768  0.00640292]]
After Self Attention: [[ 0.00084983  0.0054272   0.00105167 -0.00806768  0.00640292]]
+ Residual: [[-0.00747681  0.01879883 -0.00634766  0.02612305  0.01556396]]
Input to MLP: [[-0.01462794  0.05432709 -0.01173657  0.04017175  0.04868139]]
Output of MLP: [[ 0.59180135 -0.23317957  0.33113325  2.6843953  -1.845085  ]]
After MLP: [[ 0.59180135 -0.23317957  0.33113325  2.6843953  -1.845085  ]]
+ Residual: [[-0.00662698  0.02422603 -0.00529599  0.01805537  0.02196689]]
Processing Layer: 1
After splitting heads:
Key: [[-1.7144804 -4.7079706  0.3305597 -0.7315535  1.0613811]]
Query: [[ 0.3112699  -2.2826352  -2.3734272  -1.1036177   0.45185214]]
Value: [[ 0.5177513  -0.08242368  0.10638548 -0.15539944  0.12992197]]
Position Embeddings (cos, sin): [[-0.92514753  0.6302107  -0.93117446  0.49398592  0.98753077]] [[ 0.37960774 -0.77642417  0.36457384  0.8694699   0.15742615]]
After applying rotary embeddings:
Key: [[-0.8498106  -2.356083    0.57050884  1.8170582   1.0598842 ]]
Query: [[-1.5859647   0.48336828  2.6936622  -0.15148446  0.6598139 ]]
dict_keys(['cached_key', 'cached_value', 'cache_index'])
(1, 100, 4, 256)
96
first causal (1, 1, 1, 100)
second causal (1, 1, 1, 100)
first attention_mask (1, 100)
second attention_mask (1, 1, 1, 100)
After preparing attention bias:
Key: [[ 0.23551019 -0.58787084  0.8931058   0.03546891 -0.61331457]
 [-3.4842038  -2.5823421   2.6251893  -0.6500144  -1.0098015 ]
 [-5.1299706   2.9024794   1.653559    1.867208    0.20626378]
 [-0.9040756   0.9786203   0.1259701   0.93264747  0.6661249 ]
 [ 3.4317875   2.6850042   2.2295992  -0.7157977  -0.76062685]]
Query: [[-1.5859647   0.48336828  2.6936622  -0.15148446  0.6598139 ]]
Value: [[-0.30203187 -0.01090051 -0.02799009  0.11312769  0.03193391]
 [ 0.02440363  0.03492991  0.15970358  0.09944703  0.44947106]
 [-0.00216836  0.47415504 -0.43547857  0.22922125  0.39244246]
 [ 0.34359306  0.13954903  0.16874264  0.27897012  0.09575688]
 [-0.45459837  0.30241638  0.13337684 -0.95822626  0.28070697]]
Attention Bias: [[0. 0. 0. 0. 0.]]
Attention Weights: [[0.09847123 0.00161377 0.00152083 0.01226136 0.00070753]]
Attention Output: [[ 0.19121265 -0.0308479  -0.01034665 -0.31240574  0.17986436]
 [ 0.02526464 -0.03940745 -0.07302375 -0.12460726  0.07194703]
 [ 0.38255453 -0.03268069 -0.08678792 -0.78371435  0.31922808]
 [ 0.1875115  -0.02373302 -0.00958063  0.00261933  0.16863927]
 [ 0.0353274  -0.0972521  -0.0145667  -0.07858022  0.06743364]]
Final Attention Output: [[-0.2628692  -0.11861729 -0.35047317 -0.43996376  0.31633344]]
After Self Attention: [[-0.2628692  -0.11861729 -0.35047317 -0.43996376  0.31633344]]
+ Residual: [[ 0.5851744  -0.20895353  0.32583725  2.7024508  -1.8231181 ]]
Input to MLP: [[ 0.05187693 -0.0492095  -0.00441266  0.33428082 -0.24376963]]
Output of MLP: [[-1.1069297  -0.68488604 -1.3051115   1.2003021  -1.0274895 ]]
After MLP: [[-1.1069297  -0.68488604 -1.3051115   1.2003021  -1.0274895 ]]
+ Residual: [[ 0.32230517 -0.32757083 -0.02463591  2.262487   -1.5067847 ]]
After Normalization: [[-0.84579176 -1.0913855  -1.5624182   3.5461025  -2.7728174 ]]
Logits: [[ 7.305289    0.49279314  0.42945346 -0.44718534 -2.2666972 ]]
------ 18 ------
Input Embeddings: [[-0.01135254 -0.00254822  0.05297852  0.10205078  0.05224609]]
Processing Layer: 0
After splitting heads:
Key: [[ 1.7055229  1.723249   0.3117444 -2.140057  -1.1312366]]
Query: [[ 0.96843743  0.6641298   0.79207385 -1.0283968  -0.6087    ]]
Value: [[-0.08100335 -0.00329808  0.02004009 -0.02489476  0.05533665]]
Position Embeddings (cos, sin): [[-0.81928825  0.999962   -0.9078518  -0.20525137  0.6913334 ]] [[-0.57338184  0.00871797 -0.4192912   0.9787093   0.72253597]]
After applying rotary embeddings:
Key: [[-1.3821567   1.725633    0.27817026  1.5142474  -0.99768823]]
Query: [[-1.0174831   0.66236275 -0.55859405  0.86787254 -0.8570974 ]]
dict_keys(['cached_key', 'cached_value', 'cache_index'])
(1, 100, 4, 256)
97
first causal (1, 1, 1, 100)
second causal (1, 1, 1, 100)
first attention_mask (1, 100)
second attention_mask (1, 1, 1, 100)
After preparing attention bias:
Key: [[-0.5235454   0.94829047  0.09962852 -0.34766498 -1.004601  ]
 [ 0.4673321   0.6531818   0.29954186 -0.5924259  -0.13142833]
 [-1.102276    0.6347286  -1.8175727  -0.01162603 -1.0346551 ]
 [ 0.5819839  -1.1085202   0.57704896  0.21239331  0.9391506 ]
 [-1.9051143  -1.1454301   0.46399736  1.4405429   1.0803161 ]]
Query: [[-1.0174831   0.66236275 -0.55859405  0.86787254 -0.8570974 ]]
Value: [[-0.0086463  -0.00802097  0.0028149   0.00394865  0.01621166]
 [ 0.00596379 -0.00103219  0.00024112 -0.00405223  0.00370434]
 [ 0.02702971  0.02298634 -0.00381298  0.00481964  0.07446295]
 [-0.01326262 -0.00428154  0.02002781  0.00356472 -0.00275465]
 [-0.01471494  0.00847674 -0.0012339  -0.00600279 -0.00017791]]
Attention Bias: [[0. 0. 0. 0. 0.]]
Attention Weights: [[0.00600728 0.00782592 0.00097211 0.01102478 0.00141905]]
Attention Output: [[-0.00695742 -0.00228674 -0.00037986  0.00074122  0.00376339]
 [-0.00484432 -0.00154249 -0.00185549  0.00106592  0.00170019]
 [-0.00582136 -0.00053536 -0.00113832  0.00548397  0.00124035]
 [-0.00294159  0.05104285 -0.00756421  0.0002426   0.00063273]
 [ 0.00188782 -0.1462847  -0.00745757  0.00039437 -0.00178662]]
Final Attention Output: [[ 0.00564014  0.00958461 -0.00992513 -0.02006742 -0.00487973]]
After Self Attention: [[ 0.00564014  0.00958461 -0.00992513 -0.02006742 -0.00487973]]
+ Residual: [[-0.01135254 -0.00254822  0.05297852  0.10205078  0.05224609]]
Input to MLP: [[-0.01277178  0.01598266  0.0966422   0.18475883  0.10632357]]
Output of MLP: [[ 0.00608909 -0.07798482 -0.96069694  2.8801475   0.25041145]]
After MLP: [[ 0.00608909 -0.07798482 -0.96069694  2.8801475   0.25041145]]
+ Residual: [[-0.0057124   0.00703639  0.04305338  0.08198336  0.04736637]]
Processing Layer: 1
After splitting heads:
Key: [[ 0.5953516  -2.368573    1.0686827   0.15622632  2.2459223 ]]
Query: [[ 0.6038182  -1.6462226  -1.813376   -1.5012378   0.19980334]]
Value: [[ 0.22904721  0.17557001  0.30168974 -0.01962168 -0.8375044 ]]
Position Embeddings (cos, sin): [[-0.81928825  0.999962   -0.9078518  -0.20525137  0.6913334 ]] [[-0.57338184  0.00871797 -0.4192912   0.9787093   0.72253597]]
After applying rotary embeddings:
Key: [[ 2.3643215 -2.3489923 -1.8814723  2.116832   2.695306 ]]
Query: [[ 0.5676596 -1.6589001  1.296644   1.714508   0.929559 ]]
dict_keys(['cached_key', 'cached_value', 'cache_index'])
(1, 100, 4, 256)
97
first causal (1, 1, 1, 100)
second causal (1, 1, 1, 100)
first attention_mask (1, 100)
second attention_mask (1, 1, 1, 100)
After preparing attention bias:
Key: [[ 0.23551019 -0.58787084  0.8931058   0.03546891 -0.61331457]
 [-3.4842038  -2.5823421   2.6251893  -0.6500144  -1.0098015 ]
 [-5.1299706   2.9024794   1.653559    1.867208    0.20626378]
 [-0.9040756   0.9786203   0.1259701   0.93264747  0.6661249 ]
 [ 3.4317875   2.6850042   2.2295992  -0.7157977  -0.76062685]]
Query: [[ 0.5676596 -1.6589001  1.296644   1.714508   0.929559 ]]
Value: [[-0.30203187 -0.01090051 -0.02799009  0.11312769  0.03193391]
 [ 0.02440363  0.03492991  0.15970358  0.09944703  0.44947106]
 [-0.00216836  0.47415504 -0.43547857  0.22922125  0.39244246]
 [ 0.34359306  0.13954903  0.16874264  0.27897012  0.09575688]
 [-0.45459837  0.30241638  0.13337684 -0.95822626  0.28070697]]
Attention Bias: [[0. 0. 0. 0. 0.]]
Attention Weights: [[0.0911576  0.00109437 0.00254789 0.02023413 0.00242174]]
Attention Output: [[ 0.15980609 -0.02418264  0.06159988 -0.04594921  0.10897254]
 [ 0.03131407 -0.02531573  0.06407426 -0.03200185  0.0772204 ]
 [ 0.03501999 -0.04008707  0.04007233 -0.04127733  0.01872201]
 [ 0.2419969   0.00660385 -0.03713487  0.0236454   0.20058258]
 [ 0.02453762 -0.10315328 -0.03851721 -0.05855207  0.08412211]]
Final Attention Output: [[-0.4118223  -0.15554745 -0.4170994   0.5504025   0.03468589]]
After Self Attention: [[-0.4118223  -0.15554745 -0.4170994   0.5504025   0.03468589]]
+ Residual: [[ 3.7669064e-04 -7.0948429e-02 -9.1764355e-01  2.9621308e+00
   2.9777783e-01]]
Input to MLP: [[-0.05428713 -0.02789213 -0.19597797  0.42542535  0.04409103]]
Output of MLP: [[-0.14133807  0.36146402  0.06456985  0.31816253 -0.52449346]]
After MLP: [[-0.14133807  0.36146402  0.06456985  0.31816253 -0.52449346]]
+ Residual: [[-0.4114456  -0.22649589 -1.3347429   3.5125332   0.3324637 ]]
After Normalization: [[-0.5519523   0.13476515 -1.3824065   3.6336877  -0.19461706]]
Logits: [[ 0.82811344 -2.872234   -1.6871206   2.3949022  -3.2710261 ]]
------ 19 ------
Input Embeddings: [[-0.05029297 -0.02929688  0.07080078  0.01342773 -0.00105286]]
Processing Layer: 0
After splitting heads:
Key: [[ 1.310233    0.92792326  0.27744347 -0.93650895 -0.7100182 ]]
Query: [[-0.11727516 -0.36059123 -0.08222874  0.05297607  0.06296263]]
Value: [[ 0.042244    0.00988166 -0.0294007  -0.01292852 -0.0147435 ]]
Position Embeddings (cos, sin): [[ 0.03982088  0.61658376 -0.3262036  -0.8016898   0.11370665]] [[-0.99920684  0.7872893  -0.9452995   0.5977403   0.99351436]]
After applying rotary embeddings:
Key: [[-0.74289596  1.1247149   0.94820863  0.73140144 -0.9285056 ]]
Query: [[-0.33478624  0.26052755  0.38738745 -0.4558644  -0.71412927]]
dict_keys(['cached_key', 'cached_value', 'cache_index'])
(1, 100, 4, 256)
98
first causal (1, 1, 1, 100)
second causal (1, 1, 1, 100)
first attention_mask (1, 100)
second attention_mask (1, 1, 1, 100)
After preparing attention bias:
Key: [[-0.5235454   0.94829047  0.09962852 -0.34766498 -1.004601  ]
 [ 0.4673321   0.6531818   0.29954186 -0.5924259  -0.13142833]
 [-1.102276    0.6347286  -1.8175727  -0.01162603 -1.0346551 ]
 [ 0.5819839  -1.1085202   0.57704896  0.21239331  0.9391506 ]
 [-1.9051143  -1.1454301   0.46399736  1.4405429   1.0803161 ]]
Query: [[-0.33478624  0.26052755  0.38738745 -0.4558644  -0.71412927]]
Value: [[-0.0086463  -0.00802097  0.0028149   0.00394865  0.01621166]
 [ 0.00596379 -0.00103219  0.00024112 -0.00405223  0.00370434]
 [ 0.02702971  0.02298634 -0.00381298  0.00481964  0.07446295]
 [-0.01326262 -0.00428154  0.02002781  0.00356472 -0.00275465]
 [-0.01471494  0.00847674 -0.0012339  -0.00600279 -0.00017791]]
Attention Bias: [[0. 0. 0. 0. 0.]]
Attention Weights: [[0.00766603 0.00809656 0.00188984 0.01237809 0.00384545]]
Attention Output: [[-4.2195236e-03 -1.1933330e-03 -3.0505164e-03  1.8082347e-03
   8.7658351e-04]
 [-4.8490828e-03 -1.4717170e-03 -1.2778394e-03  1.3882248e-03
   1.9494224e-03]
 [-4.0621236e-03 -2.1733710e-04 -2.3458032e-03  3.2756489e-03
   1.0264573e-03]
 [-3.4708870e-03  4.2349435e-02 -7.7144494e-03  1.0877404e-03
   1.3504442e-03]
 [-1.5247060e-05 -9.4096959e-02 -7.3333895e-03  1.1123152e-03
  -1.5406683e-04]]
Final Attention Output: [[ 0.01010437 -0.01432132  0.00214921 -0.01718257 -0.00130492]]
After Self Attention: [[ 0.01010437 -0.01432132  0.00214921 -0.01718257 -0.00130492]]
+ Residual: [[-0.05029297 -0.02929688  0.07080078  0.01342773 -0.00105286]]
Input to MLP: [[-0.08865511 -0.09775412  0.16156712 -0.00834908 -0.00522193]]
Output of MLP: [[ 0.5959065  -0.92251545 -0.51287925  2.1702914  -0.85527766]]
After MLP: [[ 0.5959065  -0.92251545 -0.51287925  2.1702914  -0.85527766]]
+ Residual: [[-0.0401886  -0.04361819  0.07294999 -0.00375484 -0.00235778]]
Processing Layer: 1
After splitting heads:
Key: [[-1.6279775 -1.6763335  1.1297233  0.7971359  2.2516394]]
Query: [[ 0.69924444 -3.8564746  -0.35588014 -0.67511356 -2.0267053 ]]
Value: [[-0.02752501 -0.01751187 -0.03673914 -0.01940251 -0.6783925 ]]
Position Embeddings (cos, sin): [[ 0.03982088  0.61658376 -0.3262036  -0.8016898   0.11370665]] [[-0.99920684  0.7872893  -0.9452995   0.5977403   0.99351436]]
After applying rotary embeddings:
Key: [[ 7.2034907  -0.92918885 -2.994705    0.45966184  2.542018  ]]
Query: [[ 3.5220752 -4.1917048 -1.3184036  1.3552363  1.3041757]]
dict_keys(['cached_key', 'cached_value', 'cache_index'])
(1, 100, 4, 256)
98
first causal (1, 1, 1, 100)
second causal (1, 1, 1, 100)
first attention_mask (1, 100)
second attention_mask (1, 1, 1, 100)
After preparing attention bias:
Key: [[ 0.23551019 -0.58787084  0.8931058   0.03546891 -0.61331457]
 [-3.4842038  -2.5823421   2.6251893  -0.6500144  -1.0098015 ]
 [-5.1299706   2.9024794   1.653559    1.867208    0.20626378]
 [-0.9040756   0.9786203   0.1259701   0.93264747  0.6661249 ]
 [ 3.4317875   2.6850042   2.2295992  -0.7157977  -0.76062685]]
Query: [[ 3.5220752 -4.1917048 -1.3184036  1.3552363  1.3041757]]
Value: [[-0.30203187 -0.01090051 -0.02799009  0.11312769  0.03193391]
 [ 0.02440363  0.03492991  0.15970358  0.09944703  0.44947106]
 [-0.00216836  0.47415504 -0.43547857  0.22922125  0.39244246]
 [ 0.34359306  0.13954903  0.16874264  0.27897012  0.09575688]
 [-0.45459837  0.30241638  0.13337684 -0.95822626  0.28070697]]
Attention Bias: [[0. 0. 0. 0. 0.]]
Attention Weights: [[4.8884541e-02 1.5411775e-04 9.2771152e-05 2.9810464e-03 1.7565527e-03]]
Attention Output: [[ 0.0066197   0.00273964  0.07957863 -0.01627818 -0.25177026]
 [-0.06093973 -0.0385045   0.04291783 -0.0235065   0.01628799]
 [ 0.18297902  0.14027056  0.24509549 -0.01805483 -0.780345  ]
 [ 0.2785054   0.03161032 -0.02411824  0.1948466   0.27305567]
 [ 0.0638658  -0.08445138  0.01512182 -0.05900355  0.06941598]]
Final Attention Output: [[-7.4341321e-01  4.8056373e-01  6.5557146e-04  1.0902320e+00
  -6.5178834e-02]]
After Self Attention: [[-7.4341321e-01  4.8056373e-01  6.5557146e-04  1.0902320e+00
  -6.5178834e-02]]
+ Residual: [[ 0.5557179  -0.96613365 -0.43992925  2.1665366  -0.85763544]]
Input to MLP: [[-0.02525164 -0.06097119 -0.06576524  0.4021994  -0.12478772]]
Output of MLP: [[-0.7418347   0.7598285   0.25915188 -0.6186633  -0.01964588]]
After MLP: [[-0.7418347   0.7598285   0.25915188 -0.6186633  -0.01964588]]
+ Residual: [[-0.18769532 -0.48556992 -0.4392737   3.2567687  -0.92281425]]
After Normalization: [[-0.9010582   0.26585796 -0.19031905  2.4294345  -0.9272962 ]]
Logits: [[-1.1018362  0.9982247 -2.8504012 -1.9150043 -5.2084727]]
≡ƒôª Flax model output:
[    12   2563   3395   2049  31036   2030   2106  41388   4939   2226
   2040   2045  11684   2624   3066   2037   3471  31914   3371   2346
   9979   2847   5443   2305 103945  46090   2346   2682   4308   2847
   3066   2368   3806   2037     12   2563   3471  20091   2278  21698
   2426   2278  13024   2030   3463   5928   2346   2226   2027   2041
   2624   5726  24109   8000   2037     12   2563   3490   3001   2303
   8857   3034   2786   2798   2847   3066   2426   2278  13024   2030
   3463   2054     12     12   2563   2356   2049   2226     12   2327
  33937   2781 124111  62759  37498 111429  54680 127190 103254   2252
 107058  41855  46478  29156  57106 118141  25994  10722 110625  79127]
≡ƒôª Torch model output:
tensor([    12,   2563,   3395,   2049,  31036,   2030,   2106,  41388,   4939,
          2226,   2040,   2045,  11684,   2624,   3066,   2037,   3471,  31914,
          3371,   2346,   9979,   2847,   5443,   2305, 103945,  46090,   2346,
          2682,   4308,   2847,   3066,   2368,   3806,   2037,     12,   2563,
          3471,  20091,   2278,  21698,   2426,   2278,  13024,   2030,   3463,
          5928,   2346,   2226,   2027,   2041,   2624,   5726,  24109,   8000,
          2037,     12,   2563,   3490,   3001,   2303,   8857,   3034,   2786,
          2798,   2847,   3066,   2426,   2278,  13024,   2030,   3463,   2054,
            12,     12,   2563,   2356,   2049,   2226,     12,   2327,  33937,
          2550,  84477, 120490,  64651,   6655,   2122, 100853,  83547, 103149,
         31777,  87712,  23803,  45336,   5527,   4152,  14373,  75668,   3690,
         76968])
≡ƒê╡ Decoding outputs...
≡ƒöì Comparing outputs...
HF Result:
 
        Q: Janet's ducks lay 16 eggs per day. She eats three for breakfast every morning and bakes muffins for her friends every day with four.
        She sells the remainder at the farmers' market daily for $2 per fresh duck egg.
        How much in dollars does she make every day at the farmers' market?

        A: 
         spurake╤î∩┐╜ Carrilloullocks∩┐╜wekagetUrlWithDefaultokaradarweg cauataloresguardATIME internMCE
Flax Result:
 
        Q: Janet's ducks lay 16 eggs per day. She eats three for breakfast every morning and bakes muffins for her friends every day with four.
        She sells the remainder at the farmers' market daily for $2 per fresh duck egg.
        How much in dollars does she make every day at the farmers' market?

        A: 
         spurhedWAITA Riteuliakos Brilliantilienamarin∩┐╜ SotomayorimulNCSIpci∩┐╜ harmsαñúΣ╕ï unwpia Starring
Γ¥î Outputs do not match!
